Date,open,high,low,close,volume,vwap,timestamp,transactions,otc
2023-10-10,2.88,3.015,2.88,2.98,1262903.0,2.974,1696910400000,8295,
2023-10-11,3.0,3.05,2.86,2.88,1122253.0,2.9023,1696996800000,7484,
2023-10-12,2.9,2.9,2.77,2.8,1143553.0,2.8041,1697083200000,8861,
2023-10-13,2.8,2.82,2.75,2.75,1158212.0,2.7646,1697169600000,5799,
2023-10-16,2.78,2.839,2.76,2.79,868997.0,2.8016,1697428800000,6992,
2023-10-17,2.78,2.9,2.75,2.86,1083211.0,2.8524,1697515200000,8214,
2023-10-18,2.86,2.865,2.68,2.69,1244436.0,2.7175,1697601600000,6936,
2023-10-19,2.69,2.72,2.62,2.66,2049063.0,2.6704,1697688000000,11768,
2023-10-20,2.67,2.68,2.6,2.6,999717.0,2.6281,1697774400000,7766,
2023-10-23,2.61,2.68,2.58,2.66,1319196.0,2.6501,1698033600000,8369,
2023-10-24,2.69,2.72,2.625,2.64,1007023.0,2.6567,1698120000000,7961,
2023-10-25,2.61,2.64,2.54,2.6,1226674.0,2.5898,1698206400000,8086,
2023-10-26,2.61,2.625,2.52,2.54,1226740.0,2.5499,1698292800000,8881,
2023-10-27,2.54,2.55,2.41,2.43,1581952.0,2.4516,1698379200000,8213,
2023-10-30,2.5,2.5,2.41,2.43,1265677.0,2.4379,1698638400000,7726,
2023-10-31,2.44,2.51,2.422,2.51,1027807.0,2.485,1698724800000,6731,
2023-11-01,2.51,2.575,2.48,2.51,1118927.0,2.5217,1698811200000,9216,
2023-11-02,2.56,2.69,2.55,2.68,1481280.0,2.6384,1698897600000,9225,
2023-11-03,2.72,2.84,2.67,2.83,1858810.0,2.8058,1698984000000,11903,
2023-11-06,2.84,2.85,2.73,2.74,1254528.0,2.7527,1699246800000,7764,
2023-11-07,2.74,2.795,2.67,2.68,2467803.0,2.7247,1699333200000,12749,
2023-11-08,2.85,3.24,2.77,3.16,5197825.0,3.1176,1699419600000,26906,
2023-11-09,3.15,3.165,2.87,2.93,2982228.0,2.9535,1699506000000,15623,
2023-11-10,2.95,3.06,2.915,3.05,1631815.0,3.0184,1699592400000,10043,
2023-11-13,3.04,3.29,3.01,3.22,2872563.0,3.1964,1699851600000,15114,
2023-11-14,3.3,3.4691,3.26,3.43,3309967.0,3.4068,1699938000000,17715,
2023-11-15,3.43,3.64,3.3737,3.58,3237015.0,3.572,1700024400000,19394,
2023-11-16,3.54,3.59,3.32,3.33,1834657.0,3.3882,1700110800000,13343,
2023-11-17,3.37,3.55,3.35,3.54,2254756.0,3.4851,1700197200000,11210,
2023-11-20,3.59,3.78,3.53,3.75,3056410.0,3.7011,1700456400000,14597,
2023-11-21,3.7,3.71,3.53,3.54,2527857.0,3.5906,1700542800000,12481,
2023-11-22,3.59,3.68,3.54,3.55,1440835.0,3.6014,1700629200000,8791,
2023-11-24,3.52,3.66,3.52,3.61,785553.0,3.6103,1700802000000,5191,
2023-11-27,3.64,3.64,3.55,3.61,1202180.0,3.6075,1701061200000,9070,
2023-11-28,3.58,3.61,3.51,3.55,1301692.0,3.5518,1701147600000,9080,
2023-11-29,3.63,3.67,3.57,3.59,859509.0,3.6047,1701234000000,6539,
2023-11-30,3.6,3.62,3.51,3.61,1117792.0,3.5915,1701320400000,7509,
2023-12-01,3.59,3.74,3.54,3.73,1089580.0,3.6781,1701406800000,9539,
2023-12-04,3.7,3.74,3.59,3.62,1302241.0,3.6551,1701666000000,9260,
2023-12-05,3.6,3.64,3.54,3.55,1068554.0,3.5756,1701752400000,12841,
2023-12-06,3.58,3.66,3.53,3.53,930394.0,3.5857,1701838800000,8149,
2023-12-07,3.57,3.57,3.5,3.54,1067867.0,3.5234,1701925200000,9694,
2023-12-08,3.52,3.58,3.51,3.55,1036317.0,3.5494,1702011600000,7860,
2023-12-11,3.52,3.61,3.52,3.58,1339966.0,3.5698,1702270800000,10540,
2023-12-12,3.41,3.4465,3.21,3.28,2815895.0,3.2879,1702357200000,15744,
2023-12-13,3.25,3.6,3.25,3.6,3163643.0,3.4117,1702443600000,15379,
2023-12-14,3.56,3.8,3.56,3.7,4662952.0,3.7032,1702530000000,19470,
2023-12-15,3.74,3.7424,3.515,3.55,3787318.0,3.5897,1702616400000,12866,
2023-12-18,3.56,3.59,3.48,3.5,1939460.0,3.5154,1702875600000,12454,
2023-12-19,3.52,3.605,3.51,3.57,1445919.0,3.5561,1702962000000,9985,
2023-12-20,3.55,3.6,3.4,3.42,1482595.0,3.507,1703048400000,8358,
2023-12-21,3.46,3.53,3.42,3.49,1157896.0,3.4714,1703134800000,8416,
2023-12-22,3.5,3.55,3.45,3.5,956581.0,3.4949,1703221200000,8158,
2023-12-26,3.5,3.58,3.49,3.54,1462327.0,3.5335,1703566800000,7394,
2023-12-27,3.54,3.5632,3.48,3.5,1088620.0,3.5062,1703653200000,7694,
2023-12-28,3.47,3.535,3.46,3.51,948638.0,3.5086,1703739600000,6497,
2023-12-29,3.5,3.56,3.44,3.47,1376169.0,3.4792,1703826000000,8713,
2024-01-02,3.44,3.5,3.37,3.42,1039361.0,3.438,1704171600000,9600,
2024-01-03,3.35,3.36,3.21,3.24,1575932.0,3.261,1704258000000,11266,
2024-01-04,3.26,3.275,3.205,3.23,1211811.0,3.2389,1704344400000,7788,
2024-01-05,3.22,3.258,3.1903,3.23,1666694.0,3.2285,1704430800000,7958,
2024-01-08,3.24,3.29,3.215,3.26,1271406.0,3.2623,1704690000000,8446,
2024-01-09,3.22,3.23,3.145,3.17,1841113.0,3.1817,1704776400000,9062,
2024-01-10,3.19,3.31,3.13,3.29,1817895.0,3.2497,1704862800000,10515,
2024-01-11,3.27,3.27,3.14,3.21,1830986.0,3.1971,1704949200000,9504,
2024-01-12,3.25,3.36,3.2429,3.3,1518149.0,3.3119,1705035600000,10153,
2024-01-16,3.28,3.28,3.17,3.2,1052594.0,3.2068,1705381200000,7143,
2024-01-17,3.15,3.19,3.11,3.17,1074707.0,3.1646,1705467600000,7954,
2024-01-18,3.18,3.23,3.06,3.08,913983.0,3.1004,1705554000000,7032,
2024-01-19,3.1,3.15,3.01,3.13,904640.0,3.0997,1705640400000,6865,
2024-01-22,3.14,3.26,3.14,3.25,1315096.0,3.2269,1705899600000,7505,
2024-01-23,3.28,3.31,3.225,3.31,1209487.0,3.2888,1705986000000,5849,
2024-01-24,3.35,3.395,3.23,3.24,920345.0,3.275,1706072400000,7414,
2024-01-25,3.29,3.32,3.21,3.24,687572.0,3.2387,1706158800000,6214,
2024-01-26,3.27,3.32,3.2,3.2,615307.0,3.2284,1706245200000,5054,
2024-01-29,3.2,3.22,3.13,3.22,833204.0,3.1808,1706504400000,6060,
2024-01-30,3.18,3.18,3.09,3.09,734639.0,3.1175,1706590800000,6483,
2024-01-31,3.08,3.15,2.98,2.98,1325861.0,3.0647,1706677200000,8183,
2024-02-01,3.05,3.15,2.995,3.06,1563430.0,3.0644,1706763600000,9502,
2024-02-02,3.0,3.02,2.94,2.96,1419640.0,2.9746,1706850000000,9294,
2024-02-05,2.92,2.92,2.84,2.86,1683480.0,2.8723,1707109200000,12101,
2024-02-06,2.86,3.0,2.85,2.99,989103.0,2.9644,1707195600000,7401,
2024-02-07,3.03,3.03,2.89,2.9,1833379.0,2.9138,1707282000000,11572,
2024-02-08,2.48,2.67,2.45,2.58,5828877.0,2.5585,1707368400000,30760,
2024-02-09,2.57,2.62,2.5,2.57,2488658.0,2.5783,1707454800000,14598,
2024-02-12,2.59,2.67,2.565,2.58,4680149.0,2.6119,1707714000000,22045,
2024-02-13,2.57,2.57,2.39,2.39,4636134.0,2.4475,1707800400000,18094,
2024-02-14,2.42,2.48,2.38,2.39,1961121.0,2.3985,1707886800000,13718,
2024-02-15,2.39,2.52,2.39,2.49,2369948.0,2.4733,1707973200000,12028,
2024-02-16,2.43,2.46,2.36,2.37,3005036.0,2.3982,1708059600000,14265,
2024-02-20,2.38,2.39,2.26,2.26,2703249.0,2.3087,1708405200000,13927,
2024-02-21,2.25,2.285,2.21,2.26,2307073.0,2.2493,1708491600000,12272,
2024-02-22,2.28,2.28,2.165,2.18,2607933.0,2.197,1708578000000,14279,
2024-02-23,2.19,2.23,2.15,2.22,1333152.0,2.2062,1708664400000,8307,
2024-02-26,2.22,2.24,2.18,2.24,1170189.0,2.2202,1708923600000,8494,
2024-02-27,2.24,2.29,2.22,2.26,1207230.0,2.2605,1709010000000,8397,
2024-02-28,2.25,2.35,2.22,2.31,2398996.0,2.3135,1709096400000,12840,
2024-02-29,2.35,2.42,2.31,2.34,1810813.0,2.3498,1709182800000,7777,
2024-03-01,2.34,2.4,2.3106,2.37,1097093.0,2.3748,1709269200000,8952,
2024-03-04,2.36,2.361,2.27,2.31,1639232.0,2.3099,1709528400000,10657,
2024-03-05,2.31,2.32,2.22,2.22,1895349.0,2.2579,1709614800000,11835,
2024-03-06,2.26,2.295,2.23,2.25,1350854.0,2.2598,1709701200000,11732,
2024-03-07,2.27,2.32,2.255,2.3,918196.0,2.2924,1709787600000,7266,
2024-03-08,2.31,2.385,2.31,2.35,1391937.0,2.3462,1709874000000,9523,
2024-03-11,2.33,2.38,2.31,2.34,1359793.0,2.3381,1710129600000,11283,
2024-03-12,2.33,2.335,2.24,2.25,1339828.0,2.261,1710216000000,9149,
2024-03-13,2.25,2.2889,2.2,2.22,1890227.0,2.2243,1710302400000,8058,
2024-03-14,2.23,2.23,2.13,2.14,2604797.0,2.1557,1710388800000,10097,
2024-03-15,2.14,2.235,2.13,2.22,3969864.0,2.2058,1710475200000,10219,
2024-03-18,2.23,2.23,2.16,2.17,2383194.0,2.1786,1710734400000,8068,
2024-03-19,2.17,2.2,2.14,2.14,1956652.0,2.1584,1710820800000,8107,
2024-03-20,2.17,2.35,2.12,2.33,4026354.0,2.2495,1710907200000,13462,
2024-03-21,2.35,2.38,2.275,2.33,1712679.0,2.3254,1710993600000,8321,
2024-03-22,2.3,2.4,2.3,2.32,1942986.0,2.3424,1711080000000,9587,
2024-03-25,2.33,2.3791,2.27,2.27,1405289.0,2.3059,1711339200000,8640,
2024-03-26,2.29,2.3108,2.21,2.21,1601211.0,2.2497,1711425600000,8720,
2024-03-27,2.21,2.275,2.19,2.23,2133106.0,2.2139,1711512000000,12599,
2024-03-28,2.24,2.31,2.21,2.23,2185867.0,2.2467,1711598400000,10447,
2024-04-01,2.26,2.32,2.24,2.25,1375599.0,2.2608,1711944000000,9215,
2024-04-02,2.22,2.22,2.12,2.15,1516291.0,2.1472,1712030400000,9209,
2024-04-03,2.14,2.17,2.11,2.17,1125832.0,2.15,1712116800000,6370,
2024-04-04,2.19,2.24,2.07,2.11,2008872.0,2.1248,1712203200000,9706,
2024-04-05,2.11,2.11,2.02,2.04,2674624.0,2.0405,1712289600000,11262,
2024-04-08,2.08,2.09,2.05,2.06,1035995.0,2.0695,1712548800000,6487,
2024-04-09,2.06,2.1,2.02,2.04,1488277.0,2.0514,1712635200000,8157,
2024-04-10,2.02,2.02,1.91,1.93,2847534.0,1.9475,1712721600000,14255,
2024-04-11,1.94,1.945,1.87,1.88,2318051.0,1.8954,1712808000000,10964,
2024-04-12,1.88,1.8982,1.805,1.82,2628603.0,1.8367,1712894400000,12081,
2024-04-15,1.83,1.86,1.755,1.76,2279573.0,1.7806,1713153600000,11342,
2024-04-16,1.76,1.83,1.6808,1.77,3115517.0,1.7893,1713240000000,13061,
2024-04-17,1.78,1.84,1.74,1.76,3321311.0,1.7843,1713326400000,13360,
2024-04-18,1.76,1.8,1.74,1.75,1741322.0,1.7648,1713412800000,7057,
2024-04-19,1.73,1.78,1.685,1.7,2081133.0,1.7138,1713499200000,11671,
2024-04-22,1.73,1.73,1.67,1.69,1932908.0,1.6965,1713758400000,8577,
2024-04-23,1.68,1.8,1.67,1.79,2152755.0,1.7581,1713844800000,10783,
2024-04-24,1.81,1.815,1.735,1.77,1750101.0,1.7645,1713931200000,9028,
2024-04-25,1.73,1.74,1.7,1.71,1441091.0,1.716,1714017600000,7313,
2024-04-26,1.72,1.74,1.7,1.73,1056110.0,1.724,1714104000000,6432,
2024-04-29,1.73,1.79,1.72,1.78,1485439.0,1.7669,1714363200000,8498,
2024-04-30,1.78,1.79,1.73,1.73,1432897.0,1.754,1714449600000,8970,
2024-05-01,1.75,1.91,1.74,1.86,2303901.0,1.8418,1714536000000,12593,
2024-05-02,1.89,1.92,1.84,1.91,1193781.0,1.8841,1714622400000,8019,
2024-05-03,1.95,1.98,1.9,1.92,1039760.0,1.9325,1714708800000,7936,
2024-05-06,1.92,1.96,1.85,1.91,1691774.0,1.8938,1714968000000,8802,
2024-05-07,1.9,1.945,1.82,1.84,2849156.0,1.8785,1715054400000,11162,
2024-05-08,1.78,1.79,1.645,1.705,3149171.0,1.7071,1715140800000,12312,
2024-05-09,1.71,1.72,1.69,1.715,1077423.0,1.7105,1715227200000,6875,
2024-05-10,1.72,1.73,1.58,1.59,3628013.0,1.6163,1715313600000,15699,
2024-05-13,1.66,1.749,1.62,1.66,2912596.0,1.6858,1715572800000,12697,
2024-05-14,1.74,1.85,1.74,1.77,2690494.0,1.7815,1715659200000,11119,
2024-05-15,1.8,1.8,1.7,1.7,1483390.0,1.7227,1715745600000,9204,
2024-05-16,1.71,1.71,1.65,1.65,2552523.0,1.6698,1715832000000,13593,
2024-05-17,1.65,1.67,1.62,1.62,1858077.0,1.6393,1715918400000,9021,
2024-05-20,1.64,1.65,1.555,1.56,2849307.0,1.5859,1716177600000,13092,
2024-05-21,1.6,1.61,1.55,1.57,2030250.0,1.5716,1716264000000,9398,
2024-05-22,1.57,1.59,1.54,1.56,1970302.0,1.5605,1716350400000,9334,
2024-05-23,1.56,1.57,1.47,1.49,3116554.0,1.4977,1716436800000,11965,
2024-05-24,1.49,1.56,1.48,1.54,1781100.0,1.528,1716523200000,9670,
2024-05-28,1.54,1.59,1.53,1.55,1554280.0,1.5593,1716868800000,8735,
2024-05-29,1.56,1.56,1.5,1.51,1319462.0,1.5197,1716955200000,9002,
2024-05-30,1.52,1.55,1.5,1.52,1355834.0,1.5262,1717041600000,7728,
2024-05-31,1.53,1.55,1.5,1.52,4290408.0,1.5198,1717128000000,9676,
2024-06-03,1.55,1.56,1.5,1.5,1449772.0,1.5204,1717387200000,7341,
2024-06-04,1.52,1.52,1.46,1.49,1723099.0,1.4862,1717473600000,8641,
2024-06-05,1.49,1.5,1.45,1.48,1714493.0,1.4771,1717560000000,8627,
2024-06-06,1.48,1.51,1.46,1.48,1695394.0,1.4788,1717646400000,9879,
2024-06-07,1.48,1.48,1.44,1.46,1511397.0,1.4596,1717732800000,9105,
2024-06-10,1.44,1.54,1.42,1.52,2274786.0,1.5101,1717992000000,9721,
2024-06-11,1.52,1.66,1.4923,1.64,3628746.0,1.6096,1718078400000,16241,
2024-06-12,1.64,1.68,1.55,1.58,2050814.0,1.609,1718164800000,11867,
2024-06-13,1.58,1.58,1.48,1.48,1489998.0,1.5026,1718251200000,9045,
2024-06-14,1.49,1.49,1.37,1.37,2327425.0,1.4082,1718337600000,11672,
2024-06-17,1.39,1.4,1.32,1.37,1853263.0,1.3696,1718596800000,12206,
2024-06-18,1.37,1.39,1.33,1.33,2098891.0,1.3441,1718683200000,7626,
2024-06-20,1.34,1.39,1.31,1.37,2390866.0,1.3641,1718856000000,10385,
2024-06-21,1.38,1.41,1.35,1.37,2773701.0,1.3809,1718942400000,8870,
2024-06-24,1.38,1.395,1.34,1.35,1992115.0,1.3586,1719201600000,9779,
2024-06-25,1.35,1.35,1.3,1.31,2066870.0,1.3201,1719288000000,9070,
2024-06-26,1.31,1.335,1.3,1.31,1118782.0,1.3126,1719374400000,7690,
2024-06-27,1.32,1.33,1.28,1.31,1307483.0,1.3139,1719460800000,6295,
2024-06-28,1.33,1.43,1.29,1.42,5230563.0,1.3885,1719547200000,14411,
2024-07-01,1.41,1.41,1.35,1.39,1527482.0,1.3915,1719806400000,9905,
2024-07-02,1.38,1.3959,1.32,1.35,1661279.0,1.3415,1719892800000,8289,
2024-07-03,1.34,1.4,1.34,1.4,1219581.0,1.3741,1719979200000,5526,
2024-07-05,1.38,1.39,1.355,1.39,1570553.0,1.3782,1720152000000,7829,
2024-07-08,1.38,1.43,1.3705,1.42,1548856.0,1.406,1720411200000,7562,
2024-07-09,1.41,1.54,1.39,1.54,2727832.0,1.4921,1720497600000,10806,
2024-07-10,1.54,1.58,1.49,1.52,1744629.0,1.5191,1720584000000,7597,
2024-07-11,1.55,1.64,1.55,1.64,2421489.0,1.5975,1720670400000,8634,
2024-07-12,1.64,1.66,1.59,1.64,1715006.0,1.6306,1720756800000,7227,
2024-07-15,1.64,1.68,1.61,1.64,1710185.0,1.6427,1721016000000,7514,
2024-07-16,1.66,1.76,1.6449,1.76,2229773.0,1.7131,1721102400000,8562,
2024-07-17,1.7,1.76,1.62,1.67,1643929.0,1.6771,1721188800000,8084,
2024-07-18,1.65,1.7,1.56,1.57,1679645.0,1.6076,1721275200000,6768,
2024-07-19,1.59,1.59,1.5205,1.58,1166163.0,1.5602,1721361600000,5389,
2024-07-22,1.61,1.615,1.54,1.6,1091331.0,1.575,1721620800000,6586,
2024-07-23,1.58,1.62,1.56,1.59,1185255.0,1.5982,1721707200000,7534,
2024-07-24,1.58,1.625,1.55,1.56,1210984.0,1.5841,1721793600000,6438,
2024-07-25,1.55,1.62,1.51,1.58,1379310.0,1.5844,1721880000000,5797,
2024-07-26,1.63,1.63,1.555,1.58,893220.0,1.5819,1721966400000,6047,
2024-07-29,1.58,1.6,1.52,1.55,1003821.0,1.5478,1722225600000,4869,
2024-07-30,1.55,1.58,1.5,1.52,1064502.0,1.5268,1722312000000,6136,
2024-07-31,1.53,1.57,1.48,1.52,1459015.0,1.515,1722398400000,6675,
2024-08-01,1.51,1.54,1.42,1.44,1727407.0,1.4513,1722484800000,7113,
2024-08-02,1.39,1.42,1.36,1.36,1405776.0,1.3769,1722571200000,7235,
2024-08-05,1.3,1.35,1.27,1.32,1449363.0,1.3086,1722830400000,9067,
2024-08-06,1.34,1.35,1.28,1.32,1766051.0,1.312,1722916800000,9153,
2024-08-07,1.32,1.32,1.16,1.16,3697503.0,1.208,1723003200000,13451,
2024-08-08,1.2,1.26,1.18,1.22,1679960.0,1.2093,1723089600000,6534,
2024-08-09,1.23,1.24,1.17,1.2,1918993.0,1.1915,1723176000000,7332,
2024-08-12,1.2,1.21,1.18,1.195,1876277.0,1.1958,1723435200000,4635,
2024-08-13,1.19,1.3,1.19,1.28,1732883.0,1.2593,1723521600000,6845,
2024-08-14,1.26,1.29,1.17,1.18,2057873.0,1.1948,1723608000000,7198,
2024-08-15,1.2,1.29,1.2,1.25,2175042.0,1.2545,1723694400000,6236,
2024-08-16,1.22,1.27,1.22,1.24,1709560.0,1.2381,1723780800000,6980,
2024-08-19,1.25,1.32,1.245,1.31,2047485.0,1.2969,1724040000000,7889,
2024-08-20,1.31,1.34,1.3,1.32,1376490.0,1.3219,1724126400000,7213,
2024-08-21,1.32,1.34,1.3,1.31,881871.0,1.3139,1724212800000,4911,
2024-08-22,1.31,1.32,1.25,1.26,982431.0,1.2776,1724299200000,5344,
2024-08-23,1.27,1.36,1.27,1.34,1331782.0,1.3318,1724385600000,6203,
2024-08-26,1.34,1.3486,1.29,1.29,1602995.0,1.3097,1724644800000,5791,
2024-08-27,1.28,1.29,1.25,1.27,1021802.0,1.2688,1724731200000,4724,
2024-08-28,1.27,1.31,1.24,1.24,977685.0,1.261,1724817600000,4678,
2024-08-29,1.25,1.33,1.2447,1.31,1278848.0,1.2983,1724904000000,5933,
2024-08-30,1.29,1.31,1.25,1.28,1195453.0,1.2717,1724990400000,4972,
2024-09-03,1.28,1.29,1.21,1.23,1365130.0,1.2369,1725336000000,6945,
2024-09-04,1.25,1.28,1.22,1.24,860479.0,1.2474,1725422400000,4723,
2024-09-05,1.255,1.29,1.24,1.26,1237810.0,1.2614,1725508800000,5731,
2024-09-06,1.25,1.28,1.21,1.22,971207.0,1.2235,1725595200000,6089,
2024-09-09,1.22,1.29,1.215,1.26,1216413.0,1.2603,1725854400000,7390,
2024-09-10,1.25,1.275,1.22,1.26,936294.0,1.2424,1725940800000,5261,
2024-09-11,1.26,1.275,1.23,1.27,1045619.0,1.2517,1726027200000,4076,
2024-09-12,1.27,1.32,1.25,1.3,1081773.0,1.291,1726113600000,5292,
2024-09-13,1.3,1.38,1.3,1.35,1668395.0,1.3494,1726200000000,6654,
2024-09-16,1.34,1.36,1.311,1.34,842441.0,1.3354,1726459200000,4143,
2024-09-17,1.35,1.37,1.33,1.35,983088.0,1.3565,1726545600000,4753,
2024-09-18,1.37,1.42,1.31,1.34,1182260.0,1.3578,1726632000000,5488,
2024-09-19,1.4,1.4,1.37,1.39,560293.0,1.3833,1726718400000,4199,
2024-09-20,1.37,1.38,1.3,1.3,2311855.0,1.3221,1726804800000,5687,
2024-09-23,1.32,1.33,1.28,1.31,1050781.0,1.3073,1727064000000,4765,
2024-09-24,1.32,1.36,1.3,1.32,815541.0,1.3264,1727150400000,4634,
2024-09-25,1.31,1.33,1.27,1.28,985222.0,1.2968,1727236800000,4029,
2024-09-26,1.29,1.325,1.28,1.3,1045358.0,1.2983,1727323200000,5267,
2024-09-27,1.28,1.35,1.28,1.33,910969.0,1.3269,1727409600000,4667,
2024-09-30,1.33,1.38,1.3199,1.36,767401.0,1.3519,1727668800000,4087,
2024-10-01,1.36,1.37,1.34,1.34,860798.0,1.3551,1727755200000,5104,
2024-10-02,1.36,1.36,1.32,1.33,635350.0,1.3374,1727841600000,4609,
2024-10-03,1.33,1.33,1.29,1.29,550775.0,1.304,1727928000000,3406,
2024-10-04,1.3,1.34,1.29,1.3,1358670.0,1.3124,1728014400000,5412,
2024-10-07,1.31,1.34,1.28,1.31,958549.0,1.3044,1728273600000,5588,
2024-10-08,1.3,1.31,1.28,1.3,625073.0,1.2941,1728360000000,3311,
2024-10-09,1.3,1.31,1.28,1.29,536733.0,1.2938,1728446400000,3155,
2024-10-10,1.28,1.285,1.25,1.26,970449.0,1.2672,1728532800000,4299,
2024-10-11,1.26,1.29,1.26,1.29,650188.0,1.2746,1728619200000,4288,
2024-10-14,1.29,1.29,1.2518,1.28,677583.0,1.2818,1728878400000,4791,
2024-10-15,1.28,1.29,1.25,1.26,829208.0,1.2745,1728964800000,4700,
2024-10-16,1.26,1.29,1.26,1.29,664656.0,1.2805,1729051200000,4082,
2024-10-17,1.3,1.3,1.25,1.27,722346.0,1.2675,1729137600000,3660,
2024-10-18,1.26,1.31,1.26,1.31,703457.0,1.2922,1729224000000,3562,
2024-10-21,1.3,1.32,1.2964,1.31,604349.0,1.3079,1729483200000,4619,
2024-10-22,1.31,1.37,1.305,1.37,975193.0,1.3286,1729569600000,5123,
2024-10-23,1.34,1.34,1.31,1.33,670535.0,1.3252,1729656000000,4286,
2024-10-24,1.33,1.37,1.31,1.32,799898.0,1.341,1729742400000,4397,
2024-10-25,1.32,1.34,1.3,1.3,678237.0,1.3231,1729828800000,4240,
2024-10-28,1.3,1.37,1.3,1.37,807216.0,1.3494,1730088000000,6060,
2024-10-29,1.35,1.56,1.34,1.56,3059094.0,1.4923,1730174400000,16893,
2024-10-30,1.53,1.54,1.35,1.36,1764964.0,1.4067,1730260800000,7074,
2024-10-31,1.36,1.385,1.33,1.35,861539.0,1.3436,1730347200000,6129,
2024-11-01,1.37,1.4,1.33,1.37,834861.0,1.3674,1730433600000,4901,
2024-11-04,1.36,1.4187,1.33,1.34,1066793.0,1.3555,1730696400000,5978,
2024-11-05,1.34,1.41,1.33,1.4,1256338.0,1.3849,1730782800000,8370,
2024-11-06,1.44,1.48,1.39,1.44,1919225.0,1.4271,1730869200000,8649,
2024-11-07,1.44,1.495,1.39,1.45,2261363.0,1.4358,1730955600000,9615,
2024-11-08,1.4,1.69,1.39,1.57,4179718.0,1.5613,1731042000000,17246,
2024-11-11,1.56,1.69,1.53,1.65,3354694.0,1.6243,1731301200000,13426,
2024-11-12,1.61,1.62,1.415,1.44,2391730.0,1.492,1731387600000,9325,
2024-11-13,1.42,1.43,1.33,1.35,2352693.0,1.3713,1731474000000,9190,
2024-11-14,1.35,1.35,1.23,1.25,3712438.0,1.2746,1731560400000,13078,
2024-11-15,1.3,1.3,1.2,1.21,2159857.0,1.233,1731646800000,9912,
2024-11-18,1.22,1.23,1.17,1.19,2520871.0,1.1999,1731906000000,9554,
2024-11-19,1.2,1.2,1.16,1.16,2821317.0,1.1733,1731992400000,10429,
2024-11-20,1.18,1.19,1.12,1.13,2524741.0,1.1419,1732078800000,9133,
2024-11-21,1.13,1.22,1.13,1.2,3459629.0,1.1773,1732165200000,9866,
2024-11-22,1.22,1.23,1.2,1.22,1538465.0,1.2141,1732251600000,5490,
2024-11-25,1.23,1.29,1.225,1.25,2096192.0,1.2616,1732510800000,9284,
2024-11-26,1.24,1.25,1.18,1.19,1701277.0,1.2094,1732597200000,7186,
2024-11-27,1.2,1.24,1.19,1.19,1207834.0,1.2089,1732683600000,4895,
2024-11-29,1.21,1.24,1.2,1.23,810932.0,1.2229,1732856400000,3717,
2024-12-02,1.23,1.26,1.22,1.25,1500457.0,1.2397,1733115600000,6228,
2024-12-03,1.23,1.25,1.21,1.25,1541757.0,1.238,1733202000000,6091,
2024-12-04,1.25,1.26,1.22,1.25,1278323.0,1.2392,1733288400000,5918,
2024-12-05,1.24,1.25,1.2,1.21,1246367.0,1.2163,1733374800000,6414,
2024-12-06,1.21,1.25,1.2,1.25,2116463.0,1.2295,1733461200000,7014,
2024-12-09,1.25,1.36,1.24,1.34,3094624.0,1.316,1733720400000,9857,
2024-12-10,1.34,1.34,1.25,1.26,1436737.0,1.286,1733806800000,5800,
2024-12-11,1.27,1.295,1.24,1.25,1414380.0,1.2645,1733893200000,6382,
2024-12-12,1.25,1.27,1.21,1.22,1445419.0,1.2323,1733979600000,5436,
2024-12-13,1.225,1.24,1.2,1.2,1199863.0,1.213,1734066000000,5588,
2024-12-16,1.2,1.21,1.17,1.17,1743360.0,1.1864,1734325200000,7024,
2024-12-17,1.18,1.1899,1.135,1.16,1675029.0,1.158,1734411600000,6437,
2024-12-18,1.187,1.19,1.09,1.1,2194509.0,1.1352,1734498000000,7508,
2024-12-19,1.14,1.14,1.08,1.1,1716241.0,1.1054,1734584400000,6942,
2024-12-20,1.09,1.14,1.08,1.09,2589452.0,1.1043,1734670800000,5950,
2024-12-23,1.1,1.13,1.09,1.09,1659362.0,1.1014,1734930000000,6167,
2024-12-24,1.1196,1.12,1.07,1.1,1381253.0,1.093,1735016400000,4649,
2024-12-26,1.07,1.14,1.07,1.11,1276932.0,1.1067,1735189200000,4522,
2024-12-27,1.12,1.12,1.08,1.11,1053716.0,1.0997,1735275600000,4317,
2024-12-30,1.1,1.13,1.08,1.12,1400065.0,1.1086,1735534800000,5433,
2024-12-31,1.12,1.13,1.08,1.09,1433833.0,1.0956,1735621200000,4979,
2025-01-02,1.09,1.13,1.09,1.1,994275.0,1.1054,1735794000000,4865,
2025-01-03,1.09,1.14,1.09,1.14,1474055.0,1.1222,1735880400000,5495,
2025-01-06,1.14,1.185,1.135,1.15,1449847.0,1.1548,1736139600000,6035,
2025-01-07,1.16,1.18,1.12,1.13,1008850.0,1.1471,1736226000000,4396,
2025-01-08,1.12,1.13,1.08,1.1,1536353.0,1.0945,1736312400000,5332,
2025-01-10,1.095,1.1,1.06,1.08,1741637.0,1.0756,1736485200000,6475,
2025-01-13,1.07,1.08,1.03,1.07,1558730.0,1.0577,1736744400000,5385,
2025-01-14,1.07,1.08,1.04,1.05,1080351.0,1.0506,1736830800000,5481,
2025-01-15,1.055,1.08,1.05,1.06,1487922.0,1.0648,1736917200000,5066,
2025-01-16,1.07,1.08,1.05,1.07,1116657.0,1.0643,1737003600000,4905,
2025-01-17,1.07,1.08,1.05,1.05,1125147.0,1.0611,1737090000000,6712,
2025-01-21,1.05,1.1,1.05,1.1,1385800.0,1.0786,1737435600000,6630,
2025-01-22,1.09,1.12,1.07,1.07,1036933.0,1.0923,1737522000000,4962,
2025-01-23,1.07,1.08,1.05,1.06,1233743.0,1.0604,1737608400000,6939,
2025-01-24,1.07,1.07,1.04,1.04,1915892.0,1.0531,1737694800000,6723,
2025-01-27,1.04,1.06,1.03,1.03,1507461.0,1.0388,1737954000000,6071,
2025-01-28,1.03,1.04,1.0,1.01,1622427.0,1.0147,1738040400000,6830,
2025-01-29,1.01,1.02,1.0,1.01,1668029.0,1.0085,1738126800000,6471,
2025-01-30,1.01,1.04,1.0,1.0,1133285.0,1.0177,1738213200000,6615,
2025-01-31,1.0,1.03,0.9701,0.9721,2736978.0,0.9974,1738299600000,7208,
2025-02-03,0.93,0.9499,0.886,0.888,4549602.0,0.9066,1738558800000,11330,
2025-02-04,0.911,0.968,0.9004,0.9668,2680273.0,0.9481,1738645200000,8675,
2025-02-05,1.0,1.1,0.96,1.09,5649960.0,1.0572,1738731600000,10994,
2025-02-06,1.1099,1.14,1.05,1.08,5453008.0,1.0651,1738818000000,11861,
2025-02-07,0.89,0.94,0.852,0.8988,10395603.0,0.8797,1738904400000,22070,
2025-02-10,0.9,0.91,0.865,0.88,6265648.0,0.8737,1739163600000,11400,
2025-02-11,0.8656,0.88,0.7902,0.7954,6797695.0,0.8154,1739250000000,13835,
2025-02-12,0.799,0.8019,0.77,0.8012,5085837.0,0.7809,1739336400000,9854,
2025-02-13,0.8139,0.8414,0.773,0.83,3927936.0,0.8188,1739422800000,12428,
2025-02-14,0.84,0.8633,0.7901,0.7968,3411632.0,0.8128,1739509200000,8524,
2025-02-18,0.798,0.8986,0.7812,0.8898,8304693.0,0.8503,1739854800000,13833,
2025-02-19,0.8788,0.88,0.8234,0.8455,3649101.0,0.8401,1739941200000,8255,
2025-02-20,0.8454,0.8469,0.81,0.8251,2017190.0,0.8269,1740027600000,6725,
2025-02-21,0.835,0.835,0.7817,0.7817,3574831.0,0.7962,1740114000000,7835,
2025-02-24,0.79,0.8,0.7551,0.7892,2556359.0,0.7818,1740373200000,6816,
2025-02-25,0.79,0.7979,0.76,0.7819,3129578.0,0.7783,1740459600000,6908,
2025-02-26,0.8,0.81,0.78,0.78,2896173.0,0.7947,1740546000000,6389,
2025-02-27,0.7734,0.7874,0.7502,0.76,2979968.0,0.7663,1740632400000,7358,
2025-02-28,0.7673,0.7673,0.732,0.7464,2063822.0,0.7435,1740718800000,7135,
2025-03-03,0.751,0.7549,0.7208,0.7229,2751373.0,0.7406,1740978000000,7999,
2025-03-04,0.71,0.7484,0.681,0.73,3127419.0,0.715,1741064400000,8867,
2025-03-05,0.7287,0.746,0.7132,0.7259,1467563.0,0.7301,1741150800000,7672,
2025-03-06,0.712,0.7418,0.69515,0.7201,3251781.0,0.7288,1741237200000,8208,
2025-03-07,0.72,0.7471,0.71,0.7363,4176943.0,0.7309,1741323600000,9685,
2025-03-10,0.73,0.75,0.692,0.6923,4601447.0,0.7246,1741579200000,9395,
2025-03-11,0.693,0.6943,0.6382,0.6606,5790111.0,0.6611,1741665600000,10889,
2025-03-12,0.675,0.73,0.6402,0.7183,5189530.0,0.7013,1741752000000,9087,
2025-03-13,0.7116,0.7138,0.6853,0.69,3205465.0,0.6931,1741838400000,8918,
2025-03-14,0.7,0.72,0.67505,0.7132,3048050.0,0.7019,1741924800000,6602,
2025-03-17,0.7226,0.7563,0.7195,0.7525,12043019.0,0.7412,1742184000000,15192,
2025-03-18,0.7539,0.7626,0.732,0.76,8145607.0,0.75,1742270400000,10396,
2025-03-19,0.76,0.7897,0.7595,0.782,8074297.0,0.7801,1742356800000,8905,
2025-03-20,0.7753,0.8178,0.76,0.781,7782060.0,0.7934,1742443200000,9479,
2025-03-21,0.791,0.8535,0.7501,0.841,16257511.0,0.802,1742529600000,15849,
2025-03-24,0.85,0.86389,0.8,0.8115,8453973.0,0.8254,1742788800000,11154,
2025-03-25,0.82,0.82,0.7579,0.7613,6403313.0,0.7717,1742875200000,9649,
2025-03-26,0.76,0.765513,0.722,0.7318,5143497.0,0.7394,1742961600000,8638,
2025-03-27,0.736,0.7471,0.7112,0.7306,3987009.0,0.7331,1743048000000,7461,
2025-03-28,0.752,0.7521,0.69,0.6903,2345488.0,0.7098,1743134400000,7123,
2025-03-31,0.6873,0.69,0.653,0.6629,2195603.0,0.6697,1743393600000,7529,
2025-04-01,0.6631,0.6731,0.6417,0.6507,2529783.0,0.653,1743480000000,7656,
2025-04-02,0.65,0.665,0.6201,0.6233,3272876.0,0.6447,1743566400000,8018,
2025-04-03,0.61,0.6206,0.548,0.548,4995768.0,0.5605,1743652800000,11257,
2025-04-04,0.5321,0.5453,0.4601,0.5043,7906805.0,0.497,1743739200000,14104,
2025-04-07,0.4806,0.5375,0.45,0.5188,4634913.0,0.5034,1743998400000,12439,
2025-04-08,0.5458,0.547,0.4805,0.4862,5206880.0,0.5027,1744084800000,9237,
2025-04-09,0.47,0.513,0.398,0.4898,15310820.0,0.4631,1744171200000,24999,
2025-04-10,0.4899,0.5,0.4601,0.4812,2855965.0,0.4765,1744257600000,8626,
2025-04-11,0.49,0.51,0.4714,0.4956,4371721.0,0.4916,1744344000000,11227,
2025-04-14,0.5187,0.5563,0.5,0.5111,4735858.0,0.524,1744603200000,12704,
2025-04-15,0.5159,0.5286,0.5015,0.5234,2597243.0,0.5164,1744689600000,7521,
2025-04-16,0.5196,0.5493,0.5102,0.5233,4582933.0,0.5297,1744776000000,9924,
2025-04-17,0.5243,0.5432,0.5139,0.5255,1881858.0,0.5274,1744862400000,5043,
2025-04-21,0.5243,0.524425,0.4827,0.4942,1379882.0,0.4943,1745208000000,6476,
2025-04-22,0.51,0.5189,0.4851,0.4945,2515318.0,0.497,1745294400000,8257,
2025-04-23,0.5119,0.583,0.51,0.5426,7991930.0,0.5566,1745380800000,13404,
2025-04-24,0.625,0.6563,0.5827,0.6426,9353420.0,0.6236,1745467200000,15342,
2025-04-25,0.6709,0.6715,0.6047,0.6325,5136103.0,0.628,1745553600000,12453,
2025-04-28,0.6351,0.658,0.5879,0.6013,3240627.0,0.6077,1745812800000,9496,
2025-04-29,0.62,0.62,0.5776,0.6018,3013651.0,0.5977,1745899200000,6852,
2025-04-30,0.582,0.58605,0.54,0.576,2762703.0,0.5695,1745985600000,6961,
2025-05-01,0.5801,0.5948,0.57145,0.5892,1762639.0,0.5842,1746072000000,4762,
2025-05-02,0.6,0.6043,0.57,0.595,1808835.0,0.5913,1746158400000,5055,
2025-05-05,0.5929,0.61,0.5815,0.5867,1535535.0,0.5905,1746417600000,5455,
2025-05-06,0.5815,0.5899,0.5535,0.5624,1397855.0,0.5651,1746504000000,5215,
2025-05-07,0.5785,0.612,0.558601,0.5926,3811976.0,0.5915,1746590400000,8426,
2025-05-08,0.6,0.6224,0.5926,0.608,3536364.0,0.6086,1746676800000,8195,
2025-05-09,0.6109,0.6383,0.601,0.6152,2220641.0,0.6171,1746763200000,5241,
2025-05-12,0.65,0.65,0.5936,0.6159,3342627.0,0.609,1747022400000,8255,
2025-05-13,0.5852,0.6062,0.54,0.6025,4720194.0,0.5888,1747108800000,8409,
2025-05-14,0.6162,0.665,0.605,0.6104,5222835.0,0.631,1747195200000,10301,
2025-05-15,0.5779,0.6136,0.5511,0.6038,3400398.0,0.5894,1747281600000,7590,
2025-05-16,0.6,0.618,0.5901,0.6083,1930687.0,0.604,1747368000000,5460,
2025-05-19,0.605,0.6167,0.585,0.605,2683565.0,0.6003,1747627200000,5952,
2025-05-20,0.6152,0.6251,0.5964,0.62,3143015.0,0.6154,1747713600000,5219,
2025-05-21,0.6,0.6162,0.5863,0.5934,2736793.0,0.5962,1747800000000,6412,
2025-05-22,0.5862,0.6,0.57,0.5873,1691665.0,0.5896,1747886400000,4732,
2025-05-23,0.5684,0.5871,0.5651,0.5767,1952790.0,0.5726,1747972800000,5009,
2025-05-27,0.581,0.65,0.5717,0.649,5147875.0,0.6244,1748318400000,10077,
2025-05-28,0.6355,0.64,0.6133,0.635,1947064.0,0.6271,1748404800000,6448,
2025-05-29,0.635,0.647,0.6263,0.6386,1890851.0,0.641,1748491200000,5625,
2025-05-30,0.6304,0.67,0.62,0.663,4913450.0,0.6524,1748577600000,6944,
2025-06-02,0.66,0.66,0.6,0.6333,4502943.0,0.6182,1748836800000,9001,
2025-06-03,0.626,0.6716,0.610101,0.665,3181225.0,0.6573,1748923200000,7461,
2025-06-04,0.665,0.6948,0.665,0.6861,2113070.0,0.6824,1749009600000,5805,
2025-06-05,0.69,0.7399,0.6743,0.6861,3784400.0,0.7069,1749096000000,6835,
2025-06-06,0.7,0.83,0.7,0.7932,7622130.0,0.79,1749182400000,12879,
2025-06-09,0.807,1.02,0.7669,0.8819,15120595.0,0.8862,1749441600000,20827,
2025-06-10,0.8981,0.92,0.85,0.8546,4586011.0,0.8826,1749528000000,9009,
2025-06-11,0.859,0.8699,0.8137,0.8603,3321221.0,0.8489,1749614400000,9940,
2025-06-12,0.831,0.9,0.8257,0.845,2193191.0,0.8604,1749700800000,6275,
2025-06-13,0.8156,0.838,0.78,0.795,2454370.0,0.8116,1749787200000,5474,
2025-06-16,0.82,0.9056,0.811,0.8809,3428957.0,0.8763,1750046400000,9400,
2025-06-17,0.885,0.8892,0.83,0.8349,2196334.0,0.8572,1750132800000,6077,
2025-06-18,0.83,0.9499,0.83,0.8694,4515607.0,0.8958,1750219200000,10946,
2025-06-20,0.89,0.9346,0.8707,0.9078,8736922.0,0.9039,1750392000000,10550,
2025-06-23,0.89,0.9,0.8338,0.8595,2650026.0,0.8636,1750651200000,7641,
2025-06-24,0.85,0.8893,0.85,0.8527,1898447.0,0.8657,1750737600000,5355,
2025-06-25,0.858,0.86825,0.8122,0.839,1560300.0,0.8398,1750824000000,5151,
2025-06-26,0.8505,0.855,0.8,0.8084,2398060.0,0.8157,1750910400000,8162,
2025-06-27,0.82,0.82,0.7513,0.7513,20483394.0,0.7579,1750996800000,10058,
2025-06-30,0.7553,0.7656,0.6721,0.7573,9623636.0,0.7059,1751256000000,16806,
2025-07-01,0.74,0.749,0.7052,0.7256,1866609.0,0.726,1751342400000,7275,
2025-07-02,0.7257,0.745,0.722,0.74,2792427.0,0.7343,1751428800000,13023,
2025-07-03,0.73,0.7448,0.7185,0.7448,1867414.0,0.7303,1751515200000,7332,
2025-07-07,0.745,0.775,0.7335,0.7556,2241592.0,0.7476,1751860800000,10926,
2025-07-08,0.775,0.79,0.7336,0.7875,3591630.0,0.7649,1751947200000,9082,
2025-07-09,0.8,0.81,0.77,0.7839,1756519.0,0.7863,1752033600000,6057,
2025-07-10,0.7836,0.82,0.7714,0.819,1852330.0,0.8037,1752120000000,5293,
2025-07-11,0.8256,0.828,0.7809,0.79,2331567.0,0.7947,1752206400000,5467,
2025-07-14,0.7877,0.82,0.776,0.82,1929516.0,0.7981,1752465600000,5052,
2025-07-15,0.82,0.8396,0.76,0.76,2337569.0,0.786,1752552000000,5375,
2025-07-16,0.77,0.784699,0.75,0.7751,1595424.0,0.7676,1752638400000,5465,
2025-07-17,0.7751,0.809999,0.7632,0.7838,2189447.0,0.792,1752724800000,7060,
2025-07-18,0.7895,0.9,0.7801,0.8825,4816364.0,0.8392,1752811200000,8791,
2025-07-21,0.91,1.04,0.9075,0.9714,7719897.0,0.9789,1753070400000,14504,
2025-07-22,1.0,1.442,1.0,1.37,39684395.0,1.5107,1753156800000,73183,
2025-07-23,2.315,2.37,1.46,1.54,252827730.0,2.0032,1753243200000,557823,
2025-07-24,1.48,1.7,1.36,1.47,32968529.0,1.5291,1753329600000,64264,
2025-07-25,1.47,1.56,1.34,1.51,14221994.0,1.4521,1753416000000,25495,
2025-07-28,1.52,1.55,1.35,1.41,10091782.0,1.4202,1753675200000,22010,
2025-07-29,1.39,1.4,1.23,1.29,7191741.0,1.2922,1753761600000,16175,
2025-07-30,1.3,1.44,1.3,1.34,7075262.0,1.3697,1753848000000,13112,
2025-07-31,1.32,1.37,1.28,1.29,4638159.0,1.3174,1753934400000,11008,
2025-08-01,1.26,1.2662,1.17,1.2,5092037.0,1.2044,1754020800000,12503,
2025-08-04,1.25,1.32,1.22,1.3,4110333.0,1.2674,1754280000000,11711,
2025-08-05,1.3,1.33,1.25,1.32,3941098.0,1.2905,1754366400000,9983,
2025-08-06,1.345,1.38,1.28,1.31,2584687.0,1.3124,1754452800000,7802,
2025-08-07,1.31,1.3499,1.28,1.315,1922736.0,1.308,1754539200000,6149,
2025-08-08,1.29,1.48,1.28,1.41,9302760.0,1.4048,1754625600000,14583,
2025-08-11,1.46,1.46,1.28,1.31,8990398.0,1.3284,1754884800000,16309,
2025-08-12,1.27,1.3,1.16,1.26,7998291.0,1.2266,1754971200000,16895,
2025-08-13,1.27,1.36,1.22,1.35,6536779.0,1.2887,1755057600000,11233,
2025-08-14,1.3,1.34,1.2701,1.31,3570864.0,1.3077,1755144000000,8793,
2025-08-15,1.33,1.4,1.31,1.35,4534706.0,1.35,1755230400000,8884,
2025-08-18,1.35,1.44,1.32,1.42,5572864.0,1.3842,1755489600000,8360,
2025-08-19,1.435,1.44,1.25,1.26,6976831.0,1.3382,1755576000000,14062,
2025-08-20,1.26,1.305,1.21,1.23,4692746.0,1.245,1755662400000,10166,
2025-08-21,1.22,1.25,1.18,1.22,2759407.0,1.2161,1755748800000,7621,
2025-08-22,1.235,1.26,1.2,1.21,3254547.0,1.2306,1755835200000,8915,
2025-08-25,1.22,1.65,1.21,1.65,45260531.0,1.5482,1756094400000,59178,
2025-08-26,1.56,1.88,1.48,1.8,30640945.0,1.7079,1756180800000,46693,
2025-08-27,1.77,1.78,1.63,1.7,9797838.0,1.7113,1756267200000,17469,
2025-08-28,1.71,1.7487,1.61,1.66,9003531.0,1.6681,1756353600000,13974,
2025-08-29,1.6,1.65,1.52,1.56,5887296.0,1.5593,1756440000000,11856,
2025-09-02,1.475,1.5,1.41,1.49,5858872.0,1.4532,1756785600000,11770,
2025-09-03,1.525,1.58,1.47,1.48,3927227.0,1.5184,1756872000000,8816,
2025-09-04,1.47,1.48,1.43,1.46,2980084.0,1.4532,1756958400000,7179,
2025-09-05,1.47,1.57,1.46,1.49,4461450.0,1.5066,1757044800000,10671,
2025-09-08,1.5,1.73,1.44,1.72,14251879.0,1.6436,1757304000000,21978,
2025-09-09,1.71,1.72,1.59,1.67,6513458.0,1.6418,1757390400000,13185,
2025-09-10,1.66,1.7,1.59,1.63,5188863.0,1.6357,1757476800000,9911,
2025-09-11,1.645,2.02,1.64,2.0,18106040.0,1.8992,1757563200000,32652,
2025-09-12,2.05,2.15,1.9301,2.07,18197358.0,2.0464,1757649600000,33341,
2025-09-15,2.08,2.47,2.07,2.4,28483368.0,2.3198,1757908800000,47458,
2025-09-16,2.4,2.44,2.22,2.33,12864102.0,2.2993,1757995200000,25039,
2025-09-17,2.36,2.58,2.22,2.31,16904572.0,2.3751,1758081600000,30567,
2025-09-18,2.4,2.63,2.335,2.54,15554499.0,2.5062,1758168000000,29538,
2025-09-19,2.61,2.63,2.42,2.43,12093115.0,2.5001,1758254400000,23102,
2025-09-22,2.35,3.0,2.33,2.88,23543349.0,2.7554,1758513600000,46617,
2025-09-23,2.91,3.05,2.62,2.62,20846028.0,2.8758,1758600000000,45649,
2025-09-24,2.7,2.77,2.32,2.34,13828565.0,2.4726,1758686400000,28951,
2025-09-25,2.25,2.275,2.1,2.2,10739240.0,2.1922,1758772800000,20569,
2025-09-26,2.245,2.37,2.12,2.29,8792346.0,2.2398,1758859200000,18485,
2025-09-29,2.31,2.35,2.11,2.14,8182558.0,2.1774,1759118400000,19932,
2025-09-30,2.11,2.16,2.04,2.12,6392416.0,2.0953,1759204800000,14651,
2025-10-01,2.12,2.25,2.09,2.21,8202243.0,2.1853,1759291200000,19140,
2025-10-02,2.26,2.32,2.148,2.18,8452812.0,2.2187,1759377600000,18134,
2025-10-03,2.2,2.51,2.175,2.26,13940146.0,2.3609,1759464000000,27820,
2025-10-06,2.31,2.39,2.135,2.35,9210943.0,2.2788,1759723200000,25921,
2025-10-07,2.35,2.36,2.1845,2.2,7426554.0,2.2588,1759809600000,18601,
2025-10-08,2.26,2.28,2.17,2.2,4898221.0,2.2165,1759896000000,14142,
