Date,open,high,low,close,vwap,quarterly P/E diluted,quarterly P/E basic,TTM P/E,TTM eps,TTM earnings
2023-10-10,1.23,1.29,1.22,1.235,1.2531,0.0,0.0,0.0,-0.1759332529026109,-19416137.0
2023-10-11,1.26,1.3,1.21,1.23,1.2351,0.0,0.0,0.0,-0.1759332529026109,-19416137.0
2023-10-12,1.22,1.2506,1.17,1.19,1.2075,0.0,0.0,0.0,-0.1759332529026109,-19416137.0
2023-10-13,1.19,1.22,1.18,1.21,1.1947,0.0,0.0,0.0,-0.1759332529026109,-19416137.0
2023-10-16,1.21,1.23,1.19,1.2,1.2093,0.0,0.0,0.0,-0.1759332529026109,-19416137.0
2023-10-17,1.2,1.23,1.18,1.195,1.201,0.0,0.0,0.0,-0.1759332529026109,-19416137.0
2023-10-18,1.17,1.19,1.13,1.16,1.1562,0.0,0.0,0.0,-0.1759332529026109,-19416137.0
2023-10-19,1.13,1.19,1.13,1.14,1.1599,0.0,0.0,0.0,-0.1759332529026109,-19416137.0
2023-10-20,1.15,1.16,1.12,1.14,1.1363,0.0,0.0,0.0,-0.1759332529026109,-19416137.0
2023-10-23,1.12,1.14,1.1101,1.12,1.1243,0.0,0.0,0.0,-0.1759332529026109,-19416137.0
2023-10-24,1.12,1.18,1.115,1.15,1.1487,0.0,0.0,0.0,-0.1759332529026109,-19416137.0
2023-10-25,1.14,1.17,1.12,1.13,1.1381,0.0,0.0,0.0,-0.1759332529026109,-19416137.0
2023-10-26,1.13,1.1975,1.12,1.16,1.1682,0.0,0.0,0.0,-0.1759332529026109,-19416137.0
2023-10-27,1.17,1.2,1.16,1.17,1.1761,0.0,0.0,0.0,-0.1759332529026109,-19416137.0
2023-10-30,1.18,1.2,1.15,1.18,1.176,0.0,0.0,0.0,-0.1759332529026109,-19416137.0
2023-10-31,1.18,1.25,1.165,1.23,1.2181,0.0,0.0,0.0,-0.1759332529026109,-19416137.0
2023-11-01,1.22,1.23,1.17,1.2,1.1917,0.0,0.0,0.0,-0.1759332529026109,-19416137.0
2023-11-02,1.2,1.3,1.2,1.285,1.2641,0.0,0.0,0.0,-0.1759332529026109,-19416137.0
2023-11-03,1.32,1.36,1.29,1.33,1.3241,0.0,0.0,0.0,-0.1759332529026109,-19416137.0
2023-11-06,1.32,1.35,1.3,1.3,1.3176,0.0,0.0,0.0,-0.1759332529026109,-19416137.0
2023-11-07,1.29,1.3434,1.26,1.26,1.2943,0.0,0.0,0.0,-0.1759332529026109,-19416137.0
2023-11-08,1.26,1.29,1.245,1.27,1.2728,0.0,0.0,0.0,-0.1759332529026109,-19416137.0
2023-11-09,1.3,1.3,1.19,1.22,1.2316,0.0,0.0,0.0,-0.1759332529026109,-19416137.0
2023-11-10,1.28,1.48,1.27,1.46,1.3792,0.0,0.0,0.0,-0.1759332529026109,-19416137.0
2023-11-13,1.47,1.49,1.36,1.46,1.4336,0.0,0.0,0.0,-0.1759332529026109,-19416137.0
2023-11-14,1.49,1.575,1.4765,1.54,1.5413,0.0,0.0,0.0,-0.1759332529026109,-19416137.0
2023-11-15,1.56,1.66,1.5435,1.61,1.6133,0.0,0.0,0.0,-0.1759332529026109,-19416137.0
2023-11-16,1.59,1.61,1.52,1.6,1.5702,0.0,0.0,0.0,-0.1759332529026109,-19416137.0
2023-11-17,1.59,1.64,1.59,1.6,1.6126,0.0,0.0,0.0,-0.1759332529026109,-19416137.0
2023-11-20,1.63,1.7,1.61,1.63,1.647,0.0,0.0,0.0,-0.1759332529026109,-19416137.0
2023-11-21,1.61,1.62,1.5201,1.53,1.5543,0.0,0.0,0.0,-0.1759332529026109,-19416137.0
2023-11-22,1.53,1.6,1.5,1.58,1.5675,0.0,0.0,0.0,-0.1759332529026109,-19416137.0
2023-11-24,1.5,1.66,1.5,1.62,1.588,0.0,0.0,0.0,-0.1759332529026109,-19416137.0
2023-11-27,1.56,1.63,1.56,1.59,1.6018,0.0,0.0,0.0,-0.1759332529026109,-19416137.0
2023-11-28,1.56,1.6,1.55,1.57,1.571,0.0,0.0,0.0,-0.1759332529026109,-19416137.0
2023-11-29,1.57,1.62,1.54,1.55,1.5738,0.0,0.0,0.0,-0.1759332529026109,-19416137.0
2023-11-30,1.52,1.56,1.47,1.52,1.5057,0.0,0.0,0.0,-0.1759332529026109,-19416137.0
2023-12-01,1.51,1.6,1.48,1.57,1.557,0.0,0.0,0.0,-0.1759332529026109,-19416137.0
2023-12-04,1.55,1.56,1.49,1.55,1.5271,0.0,0.0,0.0,-0.1759332529026109,-19416137.0
2023-12-05,1.51,1.6,1.505,1.59,1.5637,0.0,0.0,0.0,-0.1759332529026109,-19416137.0
2023-12-06,1.6,1.65,1.58,1.58,1.6216,0.0,0.0,0.0,-0.1759332529026109,-19416137.0
2023-12-07,1.58,1.6205,1.57,1.58,1.598,0.0,0.0,0.0,-0.1759332529026109,-19416137.0
2023-12-08,1.58,1.585,1.55,1.56,1.5621,0.0,0.0,0.0,-0.1759332529026109,-19416137.0
2023-12-11,1.55,1.55,1.48,1.48,1.5101,0.0,0.0,0.0,-0.1759332529026109,-19416137.0
2023-12-12,1.48,1.4801,1.4,1.4,1.4288,0.0,0.0,0.0,-0.1759332529026109,-19416137.0
2023-12-13,1.4,1.48,1.3804,1.44,1.4261,0.0,0.0,0.0,-0.1759332529026109,-19416137.0
2023-12-14,1.46,1.51,1.46,1.46,1.4854,0.0,0.0,0.0,-0.1759332529026109,-19416137.0
2023-12-15,1.49,1.58,1.455,1.54,1.5066,0.0,0.0,0.0,-0.1759332529026109,-19416137.0
2023-12-18,1.53,1.56,1.49,1.55,1.5255,0.0,0.0,0.0,-0.1759332529026109,-19416137.0
2023-12-19,1.53,1.65,1.53,1.64,1.6261,0.0,0.0,0.0,-0.1759332529026109,-19416137.0
2023-12-20,1.64,1.8,1.58,1.67,1.7102,0.0,0.0,0.0,-0.1759332529026109,-19416137.0
2023-12-21,1.68,1.785,1.65,1.77,1.7192,0.0,0.0,0.0,-0.1759332529026109,-19416137.0
2023-12-22,1.76,1.85,1.74,1.77,1.7981,0.0,0.0,0.0,-0.1759332529026109,-19416137.0
2023-12-26,1.72,1.955,1.72,1.94,1.8847,0.0,0.0,0.0,-0.1759332529026109,-19416137.0
2023-12-27,2.0,2.08,1.92,2.05,2.0158,0.0,0.0,0.0,-0.1759332529026109,-19416137.0
2023-12-28,2.01,2.12,1.98,2.09,2.0674,0.0,0.0,0.0,-0.1759332529026109,-19416137.0
2023-12-29,2.06,2.085,1.96,2.03,2.0158,0.0,0.0,0.0,-0.1759332529026109,-19416137.0
2024-01-02,2.02,2.07,1.93,2.05,2.0109,0.0,0.0,0.0,-0.18121581451076793,-19748219.0
2024-01-03,2.01,2.065,1.945,1.99,2.0066,0.0,0.0,0.0,-0.18121581451076793,-19748219.0
2024-01-04,1.97,2.215,1.95,2.13,2.128,0.0,0.0,0.0,-0.18121581451076793,-19748219.0
2024-01-05,2.13,2.245,2.04,2.115,2.1481,0.0,0.0,0.0,-0.18121581451076793,-19748219.0
2024-01-08,2.2,2.38,2.08,2.34,2.2607,0.0,0.0,0.0,-0.18121581451076793,-19748219.0
2024-01-09,2.33,2.42,2.22,2.41,2.3538,0.0,0.0,0.0,-0.18121581451076793,-19748219.0
2024-01-10,2.42,2.44,2.26,2.3,2.3438,0.0,0.0,0.0,-0.18121581451076793,-19748219.0
2024-01-11,2.29,2.305,2.185,2.26,2.2454,0.0,0.0,0.0,-0.18121581451076793,-19748219.0
2024-01-12,2.26,2.4599,2.25,2.3,2.3536,0.0,0.0,0.0,-0.18121581451076793,-19748219.0
2024-01-16,2.35,2.35,2.12,2.17,2.2389,0.0,0.0,0.0,-0.18121581451076793,-19748219.0
2024-01-17,2.15,2.15,1.95,2.0,2.002,0.0,0.0,0.0,-0.18121581451076793,-19748219.0
2024-01-18,2.02,2.08,1.97,2.07,2.0404,0.0,0.0,0.0,-0.18121581451076793,-19748219.0
2024-01-19,2.08,2.09,1.91,2.01,1.9945,0.0,0.0,0.0,-0.18121581451076793,-19748219.0
2024-01-22,2.03,2.18,2.03,2.12,2.1243,0.0,0.0,0.0,-0.18121581451076793,-19748219.0
2024-01-23,2.15,2.215,2.03,2.06,2.0866,0.0,0.0,0.0,-0.18121581451076793,-19748219.0
2024-01-24,2.09,2.13,2.0,2.02,2.0579,0.0,0.0,0.0,-0.18121581451076793,-19748219.0
2024-01-25,2.04,2.045,1.93,1.95,1.9698,0.0,0.0,0.0,-0.18121581451076793,-19748219.0
2024-01-26,1.95,1.9901,1.895,1.91,1.9247,0.0,0.0,0.0,-0.18121581451076793,-19748219.0
2024-01-29,1.87,1.965,1.86,1.93,1.9124,0.0,0.0,0.0,-0.18121581451076793,-19748219.0
2024-01-30,1.93,1.93,1.84,1.84,1.8739,0.0,0.0,0.0,-0.18121581451076793,-19748219.0
2024-01-31,1.83,1.8877,1.79,1.79,1.8405,0.0,0.0,0.0,-0.18121581451076793,-19748219.0
2024-02-01,1.81,1.85,1.75,1.84,1.8181,0.0,0.0,0.0,-0.18121581451076793,-19748219.0
2024-02-02,2.365,2.555,2.261,2.34,2.3992,0.0,0.0,0.0,-0.18121581451076793,-19748219.0
2024-02-05,2.35,2.54,2.265,2.31,2.4084,0.0,0.0,0.0,-0.18121581451076793,-19748219.0
2024-02-06,2.31,2.3105,2.15,2.16,2.2176,0.0,0.0,0.0,-0.18121581451076793,-19748219.0
2024-02-07,2.16,2.18,1.95,2.0,2.0156,0.0,0.0,0.0,-0.18121581451076793,-19748219.0
2024-02-08,2.09,2.29,2.08,2.22,2.2138,0.0,0.0,0.0,-0.18121581451076793,-19748219.0
2024-02-09,2.26,2.4699,2.23,2.44,2.392,0.0,0.0,0.0,-0.18121581451076793,-19748219.0
2024-02-12,2.5,2.68,2.455,2.66,2.605,0.0,0.0,0.0,-0.18121581451076793,-19748219.0
2024-02-13,2.6,2.65,2.5202,2.62,2.5798,0.0,0.0,0.0,-0.18121581451076793,-19748219.0
2024-02-14,2.67,2.82,2.645,2.76,2.7468,0.0,0.0,0.0,-0.18121581451076793,-19748219.0
2024-02-15,2.77,2.8,2.63,2.72,2.6957,0.0,0.0,0.0,-0.18121581451076793,-19748219.0
2024-02-16,2.7,2.79,2.6,2.68,2.6921,0.0,0.0,0.0,-0.18121581451076793,-19748219.0
2024-02-20,2.68,2.73,2.435,2.49,2.5257,0.0,0.0,0.0,-0.18121581451076793,-19748219.0
2024-02-21,2.47,2.47,2.33,2.35,2.3735,0.0,0.0,0.0,-0.18121581451076793,-19748219.0
2024-02-22,2.37,2.41,2.26,2.26,2.3153,0.0,0.0,0.0,-0.18121581451076793,-19748219.0
2024-02-23,2.27,2.42,2.2,2.35,2.338,0.0,0.0,0.0,-0.18121581451076793,-19748219.0
2024-02-26,2.36,2.51,2.36,2.44,2.4416,0.0,0.0,0.0,-0.18121581451076793,-19748219.0
2024-02-27,2.41,2.5,2.395,2.48,2.4673,0.0,0.0,0.0,-0.18121581451076793,-19748219.0
2024-02-28,2.52,2.61,2.43,2.43,2.5139,0.0,0.0,0.0,-0.18121581451076793,-19748219.0
2024-02-29,2.48,2.67,2.48,2.62,2.5995,0.0,0.0,0.0,-0.18121581451076793,-19748219.0
2024-03-01,2.68,2.6901,2.58,2.62,2.6389,0.0,0.0,0.0,-0.18121581451076793,-19748219.0
2024-03-04,2.69,2.7695,2.66,2.67,2.7141,0.0,0.0,0.0,-0.18121581451076793,-19748219.0
2024-03-05,2.65,2.65,2.415,2.46,2.5146,0.0,0.0,0.0,-0.18121581451076793,-19748219.0
2024-03-06,2.48,2.57,2.4,2.51,2.4823,0.0,0.0,0.0,-0.18121581451076793,-19748219.0
2024-03-07,2.52,2.57,2.49,2.5,2.5166,0.0,0.0,0.0,-0.18121581451076793,-19748219.0
2024-03-08,2.55,2.61,2.42,2.44,2.5013,0.0,0.0,0.0,-0.18121581451076793,-19748219.0
2024-03-11,2.45,2.455,2.3809,2.41,2.4193,0.0,0.0,0.0,-0.18121581451076793,-19748219.0
2024-03-12,2.39,2.41,2.28,2.36,2.3469,0.0,0.0,0.0,-0.18121581451076793,-19748219.0
2024-03-13,2.36,2.39,2.3,2.32,2.331,0.0,0.0,0.0,-0.18121581451076793,-19748219.0
2024-03-14,2.32,2.325,2.17,2.19,2.151,0.0,0.0,0.0,-0.18121581451076793,-19748219.0
2024-03-15,1.95,2.01,1.86,1.9,1.9403,0.0,0.0,0.0,-0.18121581451076793,-19748219.0
2024-03-18,1.98,2.205,1.98,2.04,2.0813,0.0,0.0,0.0,-0.18121581451076793,-19748219.0
2024-03-19,2.0,2.04,1.89,1.9,1.9265,0.0,0.0,0.0,-0.18121581451076793,-19748219.0
2024-03-20,1.9,1.97,1.78,1.94,1.8572,0.0,0.0,0.0,-0.18121581451076793,-19748219.0
2024-03-21,2.01,2.105,1.91,2.06,2.0296,0.0,0.0,0.0,-0.18121581451076793,-19748219.0
2024-03-22,2.07,2.07,1.89,1.9,1.9311,0.0,0.0,0.0,-0.18121581451076793,-19748219.0
2024-03-25,1.9,1.95,1.87,1.87,1.902,0.0,0.0,0.0,-0.18121581451076793,-19748219.0
2024-03-26,1.88,1.9,1.8,1.83,1.8411,0.0,0.0,0.0,-0.18121581451076793,-19748219.0
2024-03-27,1.86,1.89,1.8117,1.85,1.8575,0.0,0.0,0.0,-0.18121581451076793,-19748219.0
2024-03-28,1.86,1.87,1.77,1.8,1.8013,0.0,0.0,0.0,-0.18121581451076793,-19748219.0
2024-04-01,1.8,1.82,1.73,1.745,1.7588,0.0,0.0,0.0,-0.41350276986672396,-49667879.0
2024-04-02,1.72,1.735,1.6,1.65,1.6436,0.0,0.0,0.0,-0.41350276986672396,-49667879.0
2024-04-03,1.61,1.6399,1.56,1.61,1.594,0.0,0.0,0.0,-0.41350276986672396,-49667879.0
2024-04-04,1.65,1.73,1.61,1.625,1.6739,0.0,0.0,0.0,-0.41350276986672396,-49667879.0
2024-04-05,1.59,1.67,1.59,1.64,1.6335,0.0,0.0,0.0,-0.41350276986672396,-49667879.0
2024-04-08,1.65,1.72,1.64,1.65,1.6657,0.0,0.0,0.0,-0.41350276986672396,-49667879.0
2024-04-09,1.65,1.69,1.615,1.63,1.642,0.0,0.0,0.0,-0.41350276986672396,-49667879.0
2024-04-10,1.61,1.62,1.56,1.57,1.5779,0.0,0.0,0.0,-0.41350276986672396,-49667879.0
2024-04-11,1.57,1.6,1.55,1.58,1.5729,0.0,0.0,0.0,-0.41350276986672396,-49667879.0
2024-04-12,1.57,1.57,1.47,1.49,1.5069,0.0,0.0,0.0,-0.41350276986672396,-49667879.0
2024-04-15,1.48,1.48,1.34,1.42,1.4058,0.0,0.0,0.0,-0.41350276986672396,-49667879.0
2024-04-16,1.42,1.42,1.34,1.37,1.3715,0.0,0.0,0.0,-0.41350276986672396,-49667879.0
2024-04-17,1.37,1.3901,1.23,1.28,1.2913,0.0,0.0,0.0,-0.41350276986672396,-49667879.0
2024-04-18,1.28,1.31,1.24,1.26,1.2756,0.0,0.0,0.0,-0.41350276986672396,-49667879.0
2024-04-19,1.25,1.29,1.19,1.22,1.234,0.0,0.0,0.0,-0.41350276986672396,-49667879.0
2024-04-22,1.23,1.31,1.21,1.29,1.2605,0.0,0.0,0.0,-0.41350276986672396,-49667879.0
2024-04-23,1.29,1.3,0.95,0.9633,1.0455,0.0,0.0,0.0,-0.41350276986672396,-49667879.0
2024-04-24,0.97,1.035,0.855,0.858,0.9139,0.0,0.0,0.0,-0.41350276986672396,-49667879.0
2024-04-25,0.86,0.875,0.6679,0.8132,0.7381,0.0,0.0,0.0,-0.41350276986672396,-49667879.0
2024-04-26,0.8079,0.8999,0.7706,0.7838,0.8285,0.0,0.0,0.0,-0.41350276986672396,-49667879.0
2024-04-29,0.82,0.87,0.7617,0.8058,0.7993,0.0,0.0,0.0,-0.41350276986672396,-49667879.0
2024-04-30,0.82,0.8799,0.7705,0.786,0.8142,0.0,0.0,0.0,-0.41350276986672396,-49667879.0
2024-05-01,0.8,0.8262,0.7517,0.78,0.7761,0.0,0.0,0.0,-0.41350276986672396,-49667879.0
2024-05-02,0.82,0.8354,0.7523,0.8041,0.7839,0.0,0.0,0.0,-0.41350276986672396,-49667879.0
2024-05-03,0.8292,0.87,0.7816,0.8195,0.8166,0.0,0.0,0.0,-0.41350276986672396,-49667879.0
2024-05-06,0.8414,0.9182,0.8301,0.9057,0.8821,0.0,0.0,0.0,-0.41350276986672396,-49667879.0
2024-05-07,0.92,0.92,0.8305,0.8314,0.865,0.0,0.0,0.0,-0.41350276986672396,-49667879.0
2024-05-08,0.8558,0.8558,0.7901,0.8088,0.8034,0.0,0.0,0.0,-0.41350276986672396,-49667879.0
2024-05-09,0.81,0.82,0.7627,0.7971,0.7919,0.0,0.0,0.0,-0.41350276986672396,-49667879.0
2024-05-10,0.815,0.815,0.75,0.7621,0.7644,0.0,0.0,0.0,-0.41350276986672396,-49667879.0
2024-05-13,0.791,0.7997,0.752,0.7624,0.768,0.0,0.0,0.0,-0.41350276986672396,-49667879.0
2024-05-14,0.84,0.844,0.7512,0.8299,0.8058,0.0,0.0,0.0,-0.41350276986672396,-49667879.0
2024-05-15,0.84,0.849,0.7806,0.8264,0.7988,0.0,0.0,0.0,-0.41350276986672396,-49667879.0
2024-05-16,0.83,0.8888,0.8018,0.8327,0.8338,0.0,0.0,0.0,-0.41350276986672396,-49667879.0
2024-05-17,0.8496,0.85685,0.805,0.8177,0.8236,0.0,0.0,0.0,-0.41350276986672396,-49667879.0
2024-05-20,0.82,0.8486,0.807,0.838,0.833,0.0,0.0,0.0,-0.41350276986672396,-49667879.0
2024-05-21,0.85,0.8798,0.82,0.8581,0.8563,0.0,0.0,0.0,-0.41350276986672396,-49667879.0
2024-05-22,0.88,0.8913,0.8151,0.8205,0.8405,0.0,0.0,0.0,-0.41350276986672396,-49667879.0
2024-05-23,0.8399,0.842,0.769,0.8015,0.7905,0.0,0.0,0.0,-0.41350276986672396,-49667879.0
2024-05-24,0.8,0.845,0.7915,0.82,0.8225,0.0,0.0,0.0,-0.41350276986672396,-49667879.0
2024-05-28,0.8295,0.8934,0.82,0.8355,0.8542,0.0,0.0,0.0,-0.41350276986672396,-49667879.0
2024-05-29,0.8388,0.843,0.8033,0.8239,0.8207,0.0,0.0,0.0,-0.41350276986672396,-49667879.0
2024-05-30,0.81,0.8312,0.7814,0.7952,0.8056,0.0,0.0,0.0,-0.41350276986672396,-49667879.0
2024-05-31,0.8,0.8344,0.7813,0.8019,0.7972,0.0,0.0,0.0,-0.41350276986672396,-49667879.0
2024-06-03,0.81,0.8277,0.7879,0.8019,0.8042,0.0,0.0,0.0,-0.41350276986672396,-49667879.0
2024-06-04,0.8,0.8039,0.771,0.7921,0.7821,0.0,0.0,0.0,-0.41350276986672396,-49667879.0
2024-06-05,0.7982,0.8142,0.7854,0.7992,0.8029,0.0,0.0,0.0,-0.41350276986672396,-49667879.0
2024-06-06,0.81,0.8151,0.78,0.7805,0.7881,0.0,0.0,0.0,-0.41350276986672396,-49667879.0
2024-06-07,0.8005,0.800501,0.74,0.7513,0.7625,0.0,0.0,0.0,-0.41350276986672396,-49667879.0
2024-06-10,0.76,0.78,0.7301,0.7729,0.7658,0.0,0.0,0.0,-0.41350276986672396,-49667879.0
2024-06-11,0.779,0.779,0.7558,0.7644,0.7642,0.0,0.0,0.0,-0.41350276986672396,-49667879.0
2024-06-12,0.744,0.798,0.744,0.7844,0.7762,0.0,0.0,0.0,-0.41350276986672396,-49667879.0
2024-06-13,0.79,0.798,0.735,0.735,0.7569,0.0,0.0,0.0,-0.41350276986672396,-49667879.0
2024-06-14,0.735,0.74,0.7049,0.7196,0.7155,0.0,0.0,0.0,-0.41350276986672396,-49667879.0
2024-06-17,0.7135,0.725431,0.682,0.7048,0.6969,0.0,0.0,0.0,-0.41350276986672396,-49667879.0
2024-06-18,0.758,0.759899,0.705,0.71,0.7329,0.0,0.0,0.0,-0.41350276986672396,-49667879.0
2024-06-20,0.7156,0.73,0.69,0.7031,0.7062,0.0,0.0,0.0,-0.41350276986672396,-49667879.0
2024-06-21,0.69,0.7,0.6818,0.685,0.689,0.0,0.0,0.0,-0.41350276986672396,-49667879.0
2024-06-24,0.7028,0.7139,0.685,0.6939,0.697,0.0,0.0,0.0,-0.41350276986672396,-49667879.0
2024-06-25,0.7,0.7,0.678,0.6924,0.6854,0.0,0.0,0.0,-0.41350276986672396,-49667879.0
2024-06-26,0.7017,0.84,0.6925,0.7924,0.7927,0.0,0.0,0.0,-0.41350276986672396,-49667879.0
2024-06-27,0.761,0.802633,0.75,0.7965,0.7785,0.0,0.0,0.0,-0.41350276986672396,-49667879.0
2024-06-28,0.82,0.87,0.81,0.8399,0.8366,0.0,0.0,0.0,-0.41350276986672396,-49667879.0
2024-07-01,0.85,0.87,0.7931,0.7931,0.8187,0.0,0.0,0.0,-0.3905206705537435,-47409498.0
2024-07-02,0.8059,0.92,0.8029,0.885,0.8777,0.0,0.0,0.0,-0.3905206705537435,-47409498.0
2024-07-03,0.91,0.9799,0.9053,0.9197,0.9328,0.0,0.0,0.0,-0.3905206705537435,-47409498.0
2024-07-05,0.944,1.01,0.913,0.9448,0.9698,0.0,0.0,0.0,-0.3905206705537435,-47409498.0
2024-07-08,0.97,0.99,0.88,0.88,0.9304,0.0,0.0,0.0,-0.3905206705537435,-47409498.0
2024-07-09,0.8829,0.9187,0.85,0.8903,0.8815,0.0,0.0,0.0,-0.3905206705537435,-47409498.0
2024-07-10,0.8992,0.9478,0.8987,0.92,0.9289,0.0,0.0,0.0,-0.3905206705537435,-47409498.0
2024-07-11,0.95,0.9692,0.92,0.9442,0.945,0.0,0.0,0.0,-0.3905206705537435,-47409498.0
2024-07-12,0.97,1.09,0.95,1.09,1.0365,0.0,0.0,0.0,-0.3905206705537435,-47409498.0
2024-07-15,1.11,1.135,1.06,1.08,1.0956,0.0,0.0,0.0,-0.3905206705537435,-47409498.0
2024-07-16,1.13,1.22,1.05,1.19,1.1542,0.0,0.0,0.0,-0.3905206705537435,-47409498.0
2024-07-17,1.21,1.21,1.105,1.14,1.1429,0.0,0.0,0.0,-0.3905206705537435,-47409498.0
2024-07-18,1.19,1.41,1.15,1.18,1.2855,0.0,0.0,0.0,-0.3905206705537435,-47409498.0
2024-07-19,1.23,1.24,1.05,1.07,1.1225,0.0,0.0,0.0,-0.3905206705537435,-47409498.0
2024-07-22,1.07,1.11,1.032,1.09,1.074,0.0,0.0,0.0,-0.3905206705537435,-47409498.0
2024-07-23,1.09,1.094,1.0,1.075,1.0463,0.0,0.0,0.0,-0.3905206705537435,-47409498.0
2024-07-24,1.06,1.08,1.02,1.03,1.045,0.0,0.0,0.0,-0.3905206705537435,-47409498.0
2024-07-25,1.03,1.085,1.01,1.02,1.0476,0.0,0.0,0.0,-0.3905206705537435,-47409498.0
2024-07-26,1.06,1.09,1.03,1.08,1.0629,0.0,0.0,0.0,-0.3905206705537435,-47409498.0
2024-07-29,1.11,1.11,1.01,1.02,1.0484,0.0,0.0,0.0,-0.3905206705537435,-47409498.0
2024-07-30,1.04,1.04,0.9353,0.9529,0.9847,0.0,0.0,0.0,-0.3905206705537435,-47409498.0
2024-07-31,1.01,1.09,1.0,1.06,1.0368,0.0,0.0,0.0,-0.3905206705537435,-47409498.0
2024-08-01,1.06,1.06,0.9153,0.9397,0.959,0.0,0.0,0.0,-0.3905206705537435,-47409498.0
2024-08-02,0.93,0.93,0.85,0.8632,0.8813,0.0,0.0,0.0,-0.3905206705537435,-47409498.0
2024-08-05,0.79,0.8178,0.7105,0.8168,0.7767,0.0,0.0,0.0,-0.3905206705537435,-47409498.0
2024-08-06,0.85,0.85,0.7942,0.8199,0.822,0.0,0.0,0.0,-0.3905206705537435,-47409498.0
2024-08-07,0.82,0.8549,0.792,0.798,0.8171,0.0,0.0,0.0,-0.3905206705537435,-47409498.0
2024-08-08,0.8699,0.8699,0.8066,0.86,0.8306,0.0,0.0,0.0,-0.3905206705537435,-47409498.0
2024-08-09,0.87,0.87,0.8441,0.8518,0.8591,0.0,0.0,0.0,-0.3905206705537435,-47409498.0
2024-08-12,0.8579,0.869899,0.7824,0.7903,0.8183,0.0,0.0,0.0,-0.3905206705537435,-47409498.0
2024-08-13,0.8001,0.8699,0.7849,0.8658,0.8253,0.0,0.0,0.0,-0.3905206705537435,-47409498.0
2024-08-14,0.8799,0.8994,0.8443,0.856,0.8627,0.0,0.0,0.0,-0.3905206705537435,-47409498.0
2024-08-15,0.8501,0.9198,0.8501,0.905,0.8925,0.0,0.0,0.0,-0.3905206705537435,-47409498.0
2024-08-16,0.91,0.9374,0.8941,0.9065,0.9138,0.0,0.0,0.0,-0.3905206705537435,-47409498.0
2024-08-19,0.91,1.02,0.9,1.02,0.9646,0.0,0.0,0.0,-0.3905206705537435,-47409498.0
2024-08-20,1.02,1.03,0.96,0.9949,0.9916,0.0,0.0,0.0,-0.3905206705537435,-47409498.0
2024-08-21,0.99,1.07,0.985,1.07,1.0182,0.0,0.0,0.0,-0.3905206705537435,-47409498.0
2024-08-22,1.1,1.11,1.0,1.01,1.0553,0.0,0.0,0.0,-0.3905206705537435,-47409498.0
2024-08-23,1.06,1.071,0.99,1.04,1.0477,0.0,0.0,0.0,-0.3905206705537435,-47409498.0
2024-08-26,1.04,1.05,1.02,1.04,1.0375,0.0,0.0,0.0,-0.3905206705537435,-47409498.0
2024-08-27,1.02,1.024,0.9604,0.9723,0.9806,0.0,0.0,0.0,-0.3905206705537435,-47409498.0
2024-08-28,0.97,0.9796,0.936757,0.9415,0.9446,0.0,0.0,0.0,-0.3905206705537435,-47409498.0
2024-08-29,0.9542,1.04,0.9507,1.01,1.0109,0.0,0.0,0.0,-0.3905206705537435,-47409498.0
2024-08-30,1.02,1.02,0.95,0.9672,0.9801,0.0,0.0,0.0,-0.3905206705537435,-47409498.0
2024-09-03,0.97,0.973256,0.85,0.8623,0.896,0.0,0.0,0.0,-0.3905206705537435,-47409498.0
2024-09-04,0.8801,0.9,0.8422,0.8736,0.8727,0.0,0.0,0.0,-0.3905206705537435,-47409498.0
2024-09-05,0.87,0.9099,0.8501,0.8531,0.8676,0.0,0.0,0.0,-0.3905206705537435,-47409498.0
2024-09-06,0.86,0.8633,0.8115,0.8403,0.8324,0.0,0.0,0.0,-0.3905206705537435,-47409498.0
2024-09-09,0.85,0.8992,0.8342,0.8461,0.8701,0.0,0.0,0.0,-0.3905206705537435,-47409498.0
2024-09-10,0.85,0.8599,0.8205,0.8599,0.8351,0.0,0.0,0.0,-0.3905206705537435,-47409498.0
2024-09-11,0.87,0.8928,0.84,0.8896,0.8747,0.0,0.0,0.0,-0.3905206705537435,-47409498.0
2024-09-12,0.91,0.9378,0.9,0.9086,0.9136,0.0,0.0,0.0,-0.3905206705537435,-47409498.0
2024-09-13,0.9085,0.9576,0.9085,0.9238,0.9296,0.0,0.0,0.0,-0.3905206705537435,-47409498.0
2024-09-16,0.9238,0.924,0.8827,0.912,0.8972,0.0,0.0,0.0,-0.3905206705537435,-47409498.0
2024-09-17,0.92,0.9345,0.8829,0.8936,0.9076,0.0,0.0,0.0,-0.3905206705537435,-47409498.0
2024-09-18,0.8961,0.95,0.8961,0.9001,0.9266,0.0,0.0,0.0,-0.3905206705537435,-47409498.0
2024-09-19,0.9201,0.9745,0.9116,0.9641,0.9035,0.0,0.0,0.0,-0.3905206705537435,-47409498.0
2024-09-20,0.7,0.7074,0.6137,0.6137,0.6514,0.0,0.0,0.0,-0.3905206705537435,-47409498.0
2024-09-23,0.64,0.65,0.561,0.6115,0.5949,0.0,0.0,0.0,-0.3905206705537435,-47409498.0
2024-09-24,0.6275,0.64,0.581,0.5998,0.6,0.0,0.0,0.0,-0.3905206705537435,-47409498.0
2024-09-25,0.6087,0.64,0.59,0.6298,0.6237,0.0,0.0,0.0,-0.3905206705537435,-47409498.0
2024-09-26,0.67,0.67,0.6235,0.66,0.6493,0.0,0.0,0.0,-0.3905206705537435,-47409498.0
2024-09-27,0.66,0.7106,0.65,0.7087,0.6885,0.0,0.0,0.0,-0.3905206705537435,-47409498.0
2024-09-30,0.7,0.7391,0.675,0.73,0.7057,0.0,0.0,0.0,-0.38948105012195494,-48419527.0
2024-10-01,0.725,0.73,0.6774,0.704,0.7016,0.0,0.0,0.0,-0.38948105012195494,-48419527.0
2024-10-02,0.71,0.7175,0.67,0.6876,0.6979,0.0,0.0,0.0,-0.38948105012195494,-48419527.0
2024-10-03,0.6876,0.7697,0.6864,0.7607,0.7438,0.0,0.0,0.0,-0.38948105012195494,-48419527.0
2024-10-04,0.774,0.774,0.7451,0.7502,0.7585,0.0,0.0,0.0,-0.38948105012195494,-48419527.0
2024-10-07,0.76,0.76,0.7239,0.7427,0.746,0.0,0.0,0.0,-0.38948105012195494,-48419527.0
2024-10-08,0.74,0.7578,0.715,0.7443,0.7431,0.0,0.0,0.0,-0.38948105012195494,-48419527.0
2024-10-09,0.7575,0.7589,0.7055,0.7234,0.7366,0.0,0.0,0.0,-0.38948105012195494,-48419527.0
2024-10-10,0.7095,0.7433,0.695,0.7364,0.7217,0.0,0.0,0.0,-0.38948105012195494,-48419527.0
2024-10-11,0.73,0.7475,0.7041,0.7317,0.7227,0.0,0.0,0.0,-0.38948105012195494,-48419527.0
2024-10-14,0.73,0.7438,0.72,0.7252,0.7306,0.0,0.0,0.0,-0.38948105012195494,-48419527.0
2024-10-15,0.72,0.7252,0.7066,0.7193,0.7171,0.0,0.0,0.0,-0.38948105012195494,-48419527.0
2024-10-16,0.721,0.7899,0.715,0.785,0.7615,0.0,0.0,0.0,-0.38948105012195494,-48419527.0
2024-10-17,0.8,0.8,0.76,0.7764,0.7738,0.0,0.0,0.0,-0.38948105012195494,-48419527.0
2024-10-18,0.76,0.776,0.7422,0.7479,0.7579,0.0,0.0,0.0,-0.38948105012195494,-48419527.0
2024-10-21,0.75,0.7775,0.7301,0.7767,0.7586,0.0,0.0,0.0,-0.38948105012195494,-48419527.0
2024-10-22,0.78,0.8067,0.7546,0.7937,0.7867,0.0,0.0,0.0,-0.38948105012195494,-48419527.0
2024-10-23,0.78,0.789,0.7554,0.7673,0.7693,0.0,0.0,0.0,-0.38948105012195494,-48419527.0
2024-10-24,0.7775,0.8,0.7541,0.765,0.775,0.0,0.0,0.0,-0.38948105012195494,-48419527.0
2024-10-25,0.7643,0.7879,0.7551,0.7776,0.7745,0.0,0.0,0.0,-0.38948105012195494,-48419527.0
2024-10-28,0.769,0.85,0.7675,0.829,0.8139,0.0,0.0,0.0,-0.38948105012195494,-48419527.0
2024-10-29,0.8258,0.8258,0.7832,0.79,0.806,0.0,0.0,0.0,-0.38948105012195494,-48419527.0
2024-10-30,0.7946,0.7998,0.756,0.756,0.7784,0.0,0.0,0.0,-0.38948105012195494,-48419527.0
2024-10-31,0.75,0.7918,0.7001,0.78,0.7302,0.0,0.0,0.0,-0.38948105012195494,-48419527.0
2024-11-01,0.75,0.8191,0.7301,0.7901,0.783,0.0,0.0,0.0,-0.38948105012195494,-48419527.0
2024-11-04,0.7895,0.8346,0.7702,0.83,0.8134,0.0,0.0,0.0,-0.38948105012195494,-48419527.0
2024-11-05,0.82,0.83,0.7942,0.8005,0.8132,0.0,0.0,0.0,-0.38948105012195494,-48419527.0
2024-11-06,0.8148,0.8269,0.7702,0.7932,0.8042,0.0,0.0,0.0,-0.38948105012195494,-48419527.0
2024-11-07,0.8,0.814775,0.78,0.801,0.798,0.0,0.0,0.0,-0.38948105012195494,-48419527.0
2024-11-08,0.8,0.8174,0.65,0.7468,0.7285,0.0,0.0,0.0,-0.38948105012195494,-48419527.0
2024-11-11,0.76,0.7896,0.7225,0.7501,0.7531,0.0,0.0,0.0,-0.38948105012195494,-48419527.0
2024-11-12,0.774,0.7948,0.701,0.7267,0.7459,0.0,0.0,0.0,-0.38948105012195494,-48419527.0
2024-11-13,0.7023,0.8967,0.7022,0.8778,0.8376,0.0,0.0,0.0,-0.38948105012195494,-48419527.0
2024-11-14,0.878,0.9215,0.814,0.893,0.8868,0.0,0.0,0.0,-0.38948105012195494,-48419527.0
2024-11-15,0.88,0.893,0.81,0.8288,0.8418,0.0,0.0,0.0,-0.38948105012195494,-48419527.0
2024-11-18,0.848,0.904299,0.815,0.827,0.848,0.0,0.0,0.0,-0.38948105012195494,-48419527.0
2024-11-19,0.835,0.8683,0.791,0.8451,0.8311,0.0,0.0,0.0,-0.38948105012195494,-48419527.0
2024-11-20,0.8323,1.0,0.826,0.9738,0.9337,0.0,0.0,0.0,-0.38948105012195494,-48419527.0
2024-11-21,1.01,1.04,0.943,0.9925,0.9904,0.0,0.0,0.0,-0.38948105012195494,-48419527.0
2024-11-22,1.0,1.06,0.9388,1.01,1.0172,0.0,0.0,0.0,-0.38948105012195494,-48419527.0
2024-11-25,1.04,1.1,0.9664,1.08,1.0759,0.0,0.0,0.0,-0.38948105012195494,-48419527.0
2024-11-26,1.09,1.11,0.9689,1.01,1.0496,0.0,0.0,0.0,-0.38948105012195494,-48419527.0
2024-11-27,1.01,1.12,1.01,1.1,1.0846,0.0,0.0,0.0,-0.38948105012195494,-48419527.0
2024-11-29,1.14,1.2,1.13,1.18,1.1806,0.0,0.0,0.0,-0.38948105012195494,-48419527.0
2024-12-02,1.22,1.3199,1.15,1.17,1.2306,0.0,0.0,0.0,-0.38948105012195494,-48419527.0
2024-12-03,1.16,1.25,1.155,1.23,1.1978,0.0,0.0,0.0,-0.38948105012195494,-48419527.0
2024-12-04,1.22,1.25,1.1709,1.19,1.2131,0.0,0.0,0.0,-0.38948105012195494,-48419527.0
2024-12-05,1.21,1.29,1.19,1.21,1.2428,0.0,0.0,0.0,-0.38948105012195494,-48419527.0
2024-12-06,1.22,1.25,1.15,1.2,1.21,0.0,0.0,0.0,-0.38948105012195494,-48419527.0
2024-12-09,1.2,1.25,1.13,1.15,1.1804,0.0,0.0,0.0,-0.38948105012195494,-48419527.0
2024-12-10,1.14,1.22,1.12,1.13,1.1693,0.0,0.0,0.0,-0.38948105012195494,-48419527.0
2024-12-11,1.11,1.15,1.03,1.1,1.0965,0.0,0.0,0.0,-0.38948105012195494,-48419527.0
2024-12-12,1.06,1.11,1.04,1.05,1.0694,0.0,0.0,0.0,-0.38948105012195494,-48419527.0
2024-12-13,1.06,1.12,1.05,1.09,1.0891,0.0,0.0,0.0,-0.38948105012195494,-48419527.0
2024-12-16,1.1,1.18,1.1,1.18,1.1514,0.0,0.0,0.0,-0.38948105012195494,-48419527.0
2024-12-17,1.18,1.285,1.14,1.27,1.2319,0.0,0.0,0.0,-0.38948105012195494,-48419527.0
2024-12-18,1.27,1.42,1.26,1.31,1.348,0.0,0.0,0.0,-0.38948105012195494,-48419527.0
2024-12-19,1.38,1.48,1.27,1.33,1.3848,0.0,0.0,0.0,-0.38948105012195494,-48419527.0
2024-12-20,1.31,1.37,1.21,1.29,1.2949,0.0,0.0,0.0,-0.38948105012195494,-48419527.0
2024-12-23,1.32,1.34,1.245,1.29,1.2886,0.0,0.0,0.0,-0.38948105012195494,-48419527.0
2024-12-24,1.29,1.3,1.23,1.28,1.2732,0.0,0.0,0.0,-0.38948105012195494,-48419527.0
2024-12-26,1.27,1.44,1.225,1.43,1.3839,0.0,0.0,0.0,-0.38948105012195494,-48419527.0
2024-12-27,1.44,1.45,1.31,1.39,1.3768,0.0,0.0,0.0,-0.38948105012195494,-48419527.0
2024-12-30,1.39,1.58,1.32,1.53,1.4854,0.0,0.0,0.0,-0.3302170800512204,-43877896.0
2024-12-31,1.57,1.57,1.335,1.36,1.4339,0.0,0.0,0.0,-0.3302170800512204,-43877896.0
2025-01-02,1.42,1.4875,1.3,1.41,1.4065,0.0,0.0,0.0,-0.3302170800512204,-43877896.0
2025-01-03,1.44,1.4789,1.39,1.47,1.4304,0.0,0.0,0.0,-0.3302170800512204,-43877896.0
2025-01-06,1.53,1.6,1.47,1.54,1.543,0.0,0.0,0.0,-0.3302170800512204,-43877896.0
2025-01-07,1.57,1.58,1.385,1.44,1.4533,0.0,0.0,0.0,-0.3302170800512204,-43877896.0
2025-01-08,1.36,1.36,1.22,1.31,1.3048,0.0,0.0,0.0,-0.3302170800512204,-43877896.0
2025-01-10,1.29,1.3,1.23,1.25,1.2614,0.0,0.0,0.0,-0.3302170800512204,-43877896.0
2025-01-13,1.18,1.1899,1.08,1.17,1.1343,0.0,0.0,0.0,-0.3302170800512204,-43877896.0
2025-01-14,1.24,1.25,1.11,1.16,1.171,0.0,0.0,0.0,-0.3302170800512204,-43877896.0
2025-01-15,1.23,1.27,1.21,1.27,1.2434,0.0,0.0,0.0,-0.3302170800512204,-43877896.0
2025-01-16,1.25,1.26,1.18,1.19,1.2218,0.0,0.0,0.0,-0.3302170800512204,-43877896.0
2025-01-17,1.21,1.25,1.18,1.22,1.2152,0.0,0.0,0.0,-0.3302170800512204,-43877896.0
2025-01-21,1.22,1.29,1.125,1.29,1.2146,0.0,0.0,0.0,-0.3302170800512204,-43877896.0
2025-01-22,1.25,1.57,1.2,1.47,1.6003,0.0,0.0,0.0,-0.3302170800512204,-43877896.0
2025-01-23,1.92,2.05,1.71,1.86,1.8871,0.0,0.0,0.0,-0.3302170800512204,-43877896.0
2025-01-24,1.8,2.1697,1.77,2.03,1.9844,0.0,0.0,0.0,-0.3302170800512204,-43877896.0
2025-01-27,1.85,1.92,1.7603,1.86,1.8531,0.0,0.0,0.0,-0.3302170800512204,-43877896.0
2025-01-28,1.88,1.89,1.675,1.79,1.7853,0.0,0.0,0.0,-0.3302170800512204,-43877896.0
2025-01-29,1.8,1.81,1.58,1.64,1.6645,0.0,0.0,0.0,-0.3302170800512204,-43877896.0
2025-01-30,1.66,1.71,1.555,1.69,1.6512,0.0,0.0,0.0,-0.3302170800512204,-43877896.0
2025-01-31,1.68,1.88,1.66,1.74,1.7787,0.0,0.0,0.0,-0.3302170800512204,-43877896.0
2025-02-03,1.61,1.69,1.57,1.66,1.6362,0.0,0.0,0.0,-0.3302170800512204,-43877896.0
2025-02-04,1.68,1.91,1.675,1.89,1.8163,0.0,0.0,0.0,-0.3302170800512204,-43877896.0
2025-02-05,1.93,1.99,1.85,1.9,1.9049,0.0,0.0,0.0,-0.3302170800512204,-43877896.0
2025-02-06,1.9,1.91,1.785,1.85,1.8357,0.0,0.0,0.0,-0.3302170800512204,-43877896.0
2025-02-07,1.85,1.93,1.77,1.81,1.8342,0.0,0.0,0.0,-0.3302170800512204,-43877896.0
2025-02-10,1.82,1.8688,1.76,1.78,1.8083,0.0,0.0,0.0,-0.3302170800512204,-43877896.0
2025-02-11,1.77,1.94,1.52,1.84,1.7467,0.0,0.0,0.0,-0.3302170800512204,-43877896.0
2025-02-12,1.79,1.82,1.665,1.715,1.7275,0.0,0.0,0.0,-0.3302170800512204,-43877896.0
2025-02-13,1.71,1.71,1.58,1.63,1.6387,0.0,0.0,0.0,-0.3302170800512204,-43877896.0
2025-02-14,1.64,1.69,1.59,1.66,1.6426,0.0,0.0,0.0,-0.3302170800512204,-43877896.0
2025-02-18,1.69,1.7,1.56,1.61,1.6095,0.0,0.0,0.0,-0.3302170800512204,-43877896.0
2025-02-19,1.59,1.67,1.5725,1.61,1.624,0.0,0.0,0.0,-0.3302170800512204,-43877896.0
2025-02-20,1.62,1.66,1.51,1.58,1.5651,0.0,0.0,0.0,-0.3302170800512204,-43877896.0
2025-02-21,1.6,1.64,1.49,1.5,1.5432,0.0,0.0,0.0,-0.3302170800512204,-43877896.0
2025-02-24,1.5,1.5,1.36,1.39,1.4133,0.0,0.0,0.0,-0.3302170800512204,-43877896.0
2025-02-25,1.38,1.475,1.25,1.44,1.3615,0.0,0.0,0.0,-0.3302170800512204,-43877896.0
2025-02-26,1.47,1.51,1.39,1.41,1.4456,0.0,0.0,0.0,-0.3302170800512204,-43877896.0
2025-02-27,1.43,1.46,1.29,1.32,1.3489,0.0,0.0,0.0,-0.3302170800512204,-43877896.0
2025-02-28,1.34,1.39,1.27,1.38,1.353,0.0,0.0,0.0,-0.3302170800512204,-43877896.0
2025-03-03,1.4,1.425,1.22,1.27,1.3041,0.0,0.0,0.0,-0.3302170800512204,-43877896.0
2025-03-04,1.19,1.33,1.16,1.27,1.2471,0.0,0.0,0.0,-0.3302170800512204,-43877896.0
2025-03-05,1.25,1.35,1.2001,1.35,1.2803,0.0,0.0,0.0,-0.3302170800512204,-43877896.0
2025-03-06,1.33,1.35,1.245,1.28,1.2945,0.0,0.0,0.0,-0.3302170800512204,-43877896.0
2025-03-07,1.255,1.5,1.255,1.48,1.4151,0.0,0.0,0.0,-0.3302170800512204,-43877896.0
2025-03-10,1.46,1.46,1.27,1.31,1.346,0.0,0.0,0.0,-0.3302170800512204,-43877896.0
2025-03-11,1.345,1.36,1.27,1.34,1.3146,0.0,0.0,0.0,-0.3302170800512204,-43877896.0
2025-03-12,1.37,1.4,1.305,1.34,1.3429,0.0,0.0,0.0,-0.3302170800512204,-43877896.0
2025-03-13,1.34,1.38,1.28,1.31,1.3298,0.0,0.0,0.0,-0.3302170800512204,-43877896.0
2025-03-14,1.38,1.445,1.3616,1.41,1.4029,0.0,0.0,0.0,-0.3302170800512204,-43877896.0
2025-03-17,1.41,1.48,1.39,1.47,1.4488,0.0,0.0,0.0,-0.3302170800512204,-43877896.0
2025-03-18,1.44,1.4726,1.35,1.37,1.3805,0.0,0.0,0.0,-0.3302170800512204,-43877896.0
2025-03-19,1.37,1.43,1.32,1.38,1.3788,0.0,0.0,0.0,-0.3302170800512204,-43877896.0
2025-03-20,1.37,1.41,1.35,1.38,1.3744,0.0,0.0,0.0,-0.3302170800512204,-43877896.0
2025-03-21,1.35,1.4,1.3205,1.38,1.3621,0.0,0.0,0.0,-0.3302170800512204,-43877896.0
2025-03-24,1.39,1.4,1.2386,1.33,1.2959,0.0,0.0,0.0,-0.3302170800512204,-43877896.0
2025-03-25,1.32,1.36,1.3,1.32,1.3262,0.0,0.0,0.0,-0.3302170800512204,-43877896.0
2025-03-26,1.32,1.44,1.22,1.31,1.3352,0.0,0.0,0.0,-0.3302170800512204,-43877896.0
2025-03-27,1.32,1.41,1.24,1.27,1.3027,0.0,0.0,0.0,-0.3302170800512204,-43877896.0
2025-03-28,1.18,1.19,0.95,0.9501,0.9919,0.0,0.0,0.0,-0.3302170800512204,-43877896.0
2025-03-31,0.89,0.9598,0.85,0.9322,0.9212,0.0,0.0,0.0,-0.08694550338039807,-14443214.0
2025-04-01,0.9368,0.9894,0.8778,0.96,0.9587,0.0,0.0,0.0,-0.08694550338039807,-14443214.0
2025-04-02,0.9051,0.99,0.9051,0.9563,0.9656,0.0,0.0,0.0,-0.08694550338039807,-14443214.0
2025-04-03,0.903,0.9416,0.8161,0.8329,0.8675,0.0,0.0,0.0,-0.08694550338039807,-14443214.0
2025-04-04,0.8502,0.8502,0.7091,0.79,0.769,0.0,0.0,0.0,-0.08694550338039807,-14443214.0
2025-04-07,0.7227,0.8497,0.7114,0.8001,0.7825,0.0,0.0,0.0,-0.08694550338039807,-14443214.0
2025-04-08,0.8675,0.88,0.7238,0.7402,0.8084,0.0,0.0,0.0,-0.08694550338039807,-14443214.0
2025-04-09,0.7456,0.9202,0.718,0.9092,0.8103,0.0,0.0,0.0,-0.08694550338039807,-14443214.0
2025-04-10,0.872,0.872,0.8121,0.8251,0.8378,0.0,0.0,0.0,-0.08694550338039807,-14443214.0
2025-04-11,0.8308,0.8776,0.792,0.8635,0.8409,0.0,0.0,0.0,-0.08694550338039807,-14443214.0
2025-04-14,0.9,0.94325,0.8612,0.876,0.89,0.0,0.0,0.0,-0.08694550338039807,-14443214.0
2025-04-15,0.876,0.9,0.8232,0.8318,0.8602,0.0,0.0,0.0,-0.08694550338039807,-14443214.0
2025-04-16,0.82,0.8593,0.812001,0.8427,0.8409,0.0,0.0,0.0,-0.08694550338039807,-14443214.0
2025-04-17,0.9,0.96,0.8821,0.9054,0.9244,0.0,0.0,0.0,-0.08694550338039807,-14443214.0
2025-04-21,0.9114,0.9843,0.8821,0.931,0.9495,0.0,0.0,0.0,-0.08694550338039807,-14443214.0
2025-04-22,0.98,1.2,0.975001,1.08,1.1215,0.0,0.0,0.0,-0.08694550338039807,-14443214.0
2025-04-23,1.15,1.1785,1.08,1.11,1.1161,0.0,0.0,0.0,-0.08694550338039807,-14443214.0
2025-04-24,1.169,1.2,1.14,1.19,1.1722,0.0,0.0,0.0,-0.08694550338039807,-14443214.0
2025-04-25,1.195,1.21,1.14,1.2,1.1847,0.0,0.0,0.0,-0.08694550338039807,-14443214.0
2025-04-28,1.2,1.3,1.18,1.3,1.2357,0.0,0.0,0.0,-0.08694550338039807,-14443214.0
2025-04-29,1.27,1.355,1.25,1.32,1.3091,0.0,0.0,0.0,-0.08694550338039807,-14443214.0
2025-04-30,1.28,1.28,1.22,1.28,1.2593,0.0,0.0,0.0,-0.08694550338039807,-14443214.0
2025-05-01,1.26,1.34,1.235,1.31,1.2867,0.0,0.0,0.0,-0.08694550338039807,-14443214.0
2025-05-02,1.295,1.38,1.29,1.35,1.3433,0.0,0.0,0.0,-0.08694550338039807,-14443214.0
2025-05-05,1.33,1.37,1.319,1.33,1.3407,0.0,0.0,0.0,-0.08694550338039807,-14443214.0
2025-05-06,1.3,1.32,1.24,1.28,1.2689,0.0,0.0,0.0,-0.08694550338039807,-14443214.0
2025-05-07,1.28,1.38,1.26,1.32,1.3189,0.0,0.0,0.0,-0.08694550338039807,-14443214.0
2025-05-08,1.34,1.43,1.31,1.42,1.3808,0.0,0.0,0.0,-0.08694550338039807,-14443214.0
2025-05-09,1.415,1.47,1.4,1.43,1.4299,0.0,0.0,0.0,-0.08694550338039807,-14443214.0
2025-05-12,1.49,1.57,1.47,1.55,1.535,0.0,0.0,0.0,-0.08694550338039807,-14443214.0
2025-05-13,1.55,1.6,1.44,1.47,1.5082,0.0,0.0,0.0,-0.08694550338039807,-14443214.0
2025-05-14,1.45,1.49,1.32,1.41,1.3943,0.0,0.0,0.0,-0.08694550338039807,-14443214.0
2025-05-15,1.3999,1.56,1.3623,1.52,1.4988,0.0,0.0,0.0,-0.08694550338039807,-14443214.0
2025-05-16,1.47,1.5654,1.47,1.48,1.4979,0.0,0.0,0.0,-0.08694550338039807,-14443214.0
2025-05-19,1.42,1.44,1.36,1.38,1.3898,0.0,0.0,0.0,-0.08694550338039807,-14443214.0
2025-05-20,1.37,1.4,1.35,1.38,1.3775,0.0,0.0,0.0,-0.08694550338039807,-14443214.0
2025-05-21,1.37,1.44,1.35,1.36,1.4032,0.0,0.0,0.0,-0.08694550338039807,-14443214.0
2025-05-22,1.34,1.42,1.3,1.38,1.3692,0.0,0.0,0.0,-0.08694550338039807,-14443214.0
2025-05-23,1.36,1.41,1.34,1.35,1.3694,0.0,0.0,0.0,-0.08694550338039807,-14443214.0
2025-05-27,1.38,1.45,1.365,1.37,1.4046,0.0,0.0,0.0,-0.08694550338039807,-14443214.0
2025-05-28,1.4,1.4199,1.3,1.34,1.3278,0.0,0.0,0.0,-0.08694550338039807,-14443214.0
2025-05-29,1.34,1.41,1.34,1.37,1.3796,0.0,0.0,0.0,-0.08694550338039807,-14443214.0
2025-05-30,1.38,1.39,1.28,1.28,1.3236,0.0,0.0,0.0,-0.08694550338039807,-14443214.0
2025-06-02,1.3,1.31,1.23,1.27,1.2625,0.0,0.0,0.0,-0.08694550338039807,-14443214.0
2025-06-03,1.29,1.36,1.28,1.36,1.3388,0.0,0.0,0.0,-0.08694550338039807,-14443214.0
2025-06-04,1.37,1.44,1.36,1.43,1.4049,0.0,0.0,0.0,-0.08694550338039807,-14443214.0
2025-06-05,1.41,1.52,1.41,1.48,1.4704,0.0,0.0,0.0,-0.08694550338039807,-14443214.0
2025-06-06,1.48,1.51,1.46,1.47,1.485,0.0,0.0,0.0,-0.08694550338039807,-14443214.0
2025-06-09,1.49,1.67,1.49,1.67,1.5961,0.0,0.0,0.0,-0.08694550338039807,-14443214.0
2025-06-10,1.68,1.68,1.59,1.62,1.6233,0.0,0.0,0.0,-0.08694550338039807,-14443214.0
2025-06-11,1.62,1.73,1.6,1.65,1.6601,0.0,0.0,0.0,-0.08694550338039807,-14443214.0
2025-06-12,1.62,1.66,1.58,1.6,1.6213,0.0,0.0,0.0,-0.08694550338039807,-14443214.0
2025-06-13,1.54,1.61,1.54,1.56,1.5689,0.0,0.0,0.0,-0.08694550338039807,-14443214.0
2025-06-16,1.57,1.67,1.57,1.64,1.6406,0.0,0.0,0.0,-0.08694550338039807,-14443214.0
2025-06-17,1.62,1.69,1.61,1.62,1.6517,0.0,0.0,0.0,-0.08694550338039807,-14443214.0
2025-06-18,1.62,1.66,1.575,1.63,1.6208,0.0,0.0,0.0,-0.08694550338039807,-14443214.0
2025-06-20,1.66,1.68,1.59,1.63,1.6269,0.0,0.0,0.0,-0.08694550338039807,-14443214.0
2025-06-23,1.62,1.7,1.58,1.58,1.6236,0.0,0.0,0.0,-0.08694550338039807,-14443214.0
2025-06-24,1.62,1.67,1.58,1.63,1.6416,0.0,0.0,0.0,-0.08694550338039807,-14443214.0
2025-06-25,1.64,1.645,1.57,1.59,1.5977,0.0,0.0,0.0,-0.08694550338039807,-14443214.0
2025-06-26,1.6,1.62,1.55,1.61,1.5871,0.0,0.0,0.0,-0.08694550338039807,-14443214.0
2025-06-27,1.62,1.64,1.51,1.55,1.5499,0.0,0.0,0.0,-0.08694550338039807,-14443214.0
2025-06-30,1.55,1.58,1.51,1.53,1.549,0.0,0.0,0.0,-0.08228263368528163,-13687849.0
2025-07-01,1.51,1.57,1.44,1.52,1.5129,0.0,0.0,0.0,-0.08228263368528163,-13687849.0
2025-07-02,1.54,1.58,1.5108,1.54,1.544,0.0,0.0,0.0,-0.08228263368528163,-13687849.0
2025-07-03,1.56,1.63,1.54,1.58,1.5906,0.0,0.0,0.0,-0.08228263368528163,-13687849.0
2025-07-07,1.58,1.5893,1.51,1.56,1.5393,0.0,0.0,0.0,-0.08228263368528163,-13687849.0
2025-07-08,1.55,1.61,1.52,1.6,1.5784,0.0,0.0,0.0,-0.08228263368528163,-13687849.0
2025-07-09,1.61,1.71,1.6007,1.69,1.6642,0.0,0.0,0.0,-0.08228263368528163,-13687849.0
2025-07-10,1.69,1.705,1.62,1.66,1.6492,0.0,0.0,0.0,-0.08228263368528163,-13687849.0
2025-07-11,1.63,1.76,1.63,1.7,1.7168,0.0,0.0,0.0,-0.08228263368528163,-13687849.0
2025-07-14,1.71,1.725,1.65,1.69,1.6968,0.0,0.0,0.0,-0.08228263368528163,-13687849.0
2025-07-15,1.685,1.7,1.62,1.68,1.6626,0.0,0.0,0.0,-0.08228263368528163,-13687849.0
2025-07-16,1.7,1.97,1.68,1.94,1.8848,0.0,0.0,0.0,-0.08228263368528163,-13687849.0
2025-07-17,2.0998,2.5,2.07,2.19,2.1934,0.0,0.0,0.0,-0.08228263368528163,-13687849.0
2025-07-18,2.23,2.24,2.09,2.17,2.1474,0.0,0.0,0.0,-0.08228263368528163,-13687849.0
2025-07-21,2.2,2.315,2.1,2.11,2.2282,0.0,0.0,0.0,-0.08228263368528163,-13687849.0
2025-07-22,2.1,2.11,1.87,2.07,2.0116,0.0,0.0,0.0,-0.08228263368528163,-13687849.0
2025-07-23,2.08,2.16,2.03,2.14,2.1021,0.0,0.0,0.0,-0.08228263368528163,-13687849.0
2025-07-24,2.13,2.21,2.1,2.18,2.168,0.0,0.0,0.0,-0.08228263368528163,-13687849.0
2025-07-25,2.19,2.1994,2.02,2.05,2.0777,0.0,0.0,0.0,-0.08228263368528163,-13687849.0
2025-07-28,2.06,2.07,1.92,1.93,1.9817,0.0,0.0,0.0,-0.08228263368528163,-13687849.0
2025-07-29,1.95,1.979,1.7901,1.8,1.8442,0.0,0.0,0.0,-0.08228263368528163,-13687849.0
2025-07-30,1.83,1.87,1.77,1.77,1.8128,0.0,0.0,0.0,-0.08228263368528163,-13687849.0
2025-07-31,1.79,1.85,1.75,1.79,1.8026,0.0,0.0,0.0,-0.08228263368528163,-13687849.0
2025-08-01,1.7,1.78,1.66,1.74,1.7301,0.0,0.0,0.0,-0.08228263368528163,-13687849.0
2025-08-04,1.79,1.83,1.758,1.83,1.8121,0.0,0.0,0.0,-0.08228263368528163,-13687849.0
2025-08-05,1.86,2.04,1.832,2.0,1.9644,0.0,0.0,0.0,-0.08228263368528163,-13687849.0
2025-08-06,2.0,2.03,1.945,1.95,1.982,0.0,0.0,0.0,-0.08228263368528163,-13687849.0
2025-08-07,1.98,2.01,1.84,1.89,1.9047,0.0,0.0,0.0,-0.08228263368528163,-13687849.0
2025-08-08,1.92,1.99,1.73,1.92,1.8825,0.0,0.0,0.0,-0.08228263368528163,-13687849.0
2025-08-11,1.93,2.04,1.84,1.87,2.0013,0.0,0.0,0.0,-0.08228263368528163,-13687849.0
2025-08-12,1.86,2.23,1.85,1.99,2.0166,0.0,0.0,0.0,-0.08228263368528163,-13687849.0
2025-08-13,2.03,2.115,1.91,1.91,2.0047,0.0,0.0,0.0,-0.08228263368528163,-13687849.0
2025-08-14,1.9,2.02,1.88,1.91,1.9311,0.0,0.0,0.0,-0.08228263368528163,-13687849.0
2025-08-15,1.91,2.02,1.87,1.97,1.9498,0.0,0.0,0.0,-0.08228263368528163,-13687849.0
2025-08-18,1.96,2.0389,1.92,1.94,1.9775,0.0,0.0,0.0,-0.08228263368528163,-13687849.0
2025-08-19,1.94,1.95,1.75,1.79,1.8113,0.0,0.0,0.0,-0.08228263368528163,-13687849.0
2025-08-20,1.75,1.785,1.68,1.77,1.7389,0.0,0.0,0.0,-0.08228263368528163,-13687849.0
2025-08-21,1.74,1.78,1.72,1.75,1.7511,0.0,0.0,0.0,-0.08228263368528163,-13687849.0
2025-08-22,1.75,1.9,1.75,1.89,1.8596,0.0,0.0,0.0,-0.08228263368528163,-13687849.0
2025-08-25,1.89,1.97,1.844,1.93,1.9265,0.0,0.0,0.0,-0.08228263368528163,-13687849.0
2025-08-26,1.92,2.21,1.91,2.2,2.1316,0.0,0.0,0.0,-0.08228263368528163,-13687849.0
2025-08-27,2.23,2.24,2.13,2.16,2.1799,0.0,0.0,0.0,-0.08228263368528163,-13687849.0
2025-08-28,2.25,2.29,2.16,2.18,2.2158,0.0,0.0,0.0,-0.08228263368528163,-13687849.0
2025-08-29,2.19,2.195,2.055,2.1,2.1038,0.0,0.0,0.0,-0.08228263368528163,-13687849.0
2025-09-02,2.02,2.095,1.992,2.07,2.0556,0.0,0.0,0.0,-0.08228263368528163,-13687849.0
2025-09-03,2.075,2.13,2.04,2.05,2.0769,0.0,0.0,0.0,-0.08228263368528163,-13687849.0
2025-09-04,2.03,2.1699,2.0,2.14,2.0935,0.0,0.0,0.0,-0.08228263368528163,-13687849.0
2025-09-05,2.18,2.2199,2.05,2.12,2.1108,0.0,0.0,0.0,-0.08228263368528163,-13687849.0
2025-09-08,2.13,2.2399,2.11,2.21,2.1677,0.0,0.0,0.0,-0.08228263368528163,-13687849.0
2025-09-09,2.21,2.32,2.17,2.28,2.2478,0.0,0.0,0.0,-0.08228263368528163,-13687849.0
2025-09-10,2.33,2.4,2.05,2.11,2.2126,0.0,0.0,0.0,-0.08228263368528163,-13687849.0
2025-09-11,2.1,2.27,2.1,2.25,2.2109,0.0,0.0,0.0,-0.08228263368528163,-13687849.0
2025-09-12,2.22,2.67,2.14,2.53,2.4611,0.0,0.0,0.0,-0.08228263368528163,-13687849.0
2025-09-15,2.63,2.63,2.21,2.25,2.3995,0.0,0.0,0.0,-0.08228263368528163,-13687849.0
2025-09-16,2.38,2.55,2.34,2.36,2.4302,0.0,0.0,0.0,-0.08228263368528163,-13687849.0
2025-09-17,2.36,2.46,2.285,2.42,2.3868,0.0,0.0,0.0,-0.08228263368528163,-13687849.0
2025-09-18,2.46,2.75,2.375,2.7,2.6352,0.0,0.0,0.0,-0.08228263368528163,-13687849.0
2025-09-19,2.71,2.82,2.65,2.69,2.7314,0.0,0.0,0.0,-0.08228263368528163,-13687849.0
2025-09-22,2.68,2.75,2.5,2.71,2.642,0.0,0.0,0.0,-0.08228263368528163,-13687849.0
2025-09-23,2.71,2.8,2.58,2.61,2.6799,0.0,0.0,0.0,-0.08228263368528163,-13687849.0
2025-09-24,2.62,2.75,2.5,2.52,2.5984,0.0,0.0,0.0,-0.08228263368528163,-13687849.0
2025-09-25,2.44,2.44,2.28,2.34,2.3514,0.0,0.0,0.0,-0.08228263368528163,-13687849.0
2025-09-26,2.36,2.375,2.25,2.28,2.2983,0.0,0.0,0.0,-0.08228263368528163,-13687849.0
2025-09-29,2.4,2.66,2.37,2.45,2.5103,0.0,0.0,0.0,-0.08228263368528163,-13687849.0
2025-09-30,2.48,2.5,2.362,2.43,2.4231,0.0,0.0,0.0,-0.08228263368528163,-13687849.0
2025-10-01,2.4,2.52,2.32,2.5,2.4375,0.0,0.0,0.0,-0.08228263368528163,-13687849.0
2025-10-02,2.53,2.71,2.49,2.64,2.6371,0.0,0.0,0.0,-0.08228263368528163,-13687849.0
2025-10-03,2.68,2.84,2.61,2.82,2.7421,0.0,0.0,0.0,-0.08228263368528163,-13687849.0
2025-10-06,3.02,3.65,3.02,3.57,3.4304,0.0,0.0,0.0,-0.08228263368528163,-13687849.0
2025-10-07,3.66,3.6892,3.25,3.41,3.4728,0.0,0.0,0.0,-0.08228263368528163,-13687849.0
2025-10-08,3.51,3.62,3.32,3.56,3.4559,0.0,0.0,0.0,-0.08228263368528163,-13687849.0
